workpiece_id,order_id,machine_id,serial,net_weight_g,scrap_g,gross_weight_g,cycle_seconds,ok
1,1,8,WP-0001-01,338.7,2.0,340.7,111,true
2,1,8,WP-0001-02,190.3,4.9,195.2,47,true
3,1,8,WP-0001-03,327.0,4.7,331.7,43,true
4,1,8,WP-0001-04,173.2,1.3,174.5,133,true
5,2,8,WP-0002-01,462.8,7.0,469.8,80,true
6,2,8,WP-0002-02,243.6,3.3,246.9,139,true
7,2,8,WP-0002-03,243.4,3.9,247.3,132,true
8,2,8,WP-0002-04,314.1,7.2,321.3,58,true
9,3,2,WP-0003-01,161.9,5.4,167.3,96,true
10,3,2,WP-0003-02,350.0,2.8,352.8,74,true
11,3,2,WP-0003-03,463.8,1.0,464.8,110,true
12,3,2,WP-0003-04,213.5,7.9,221.4,131,true
13,4,8,WP-0004-01,287.7,8.0,295.7,106,true
14,4,8,WP-0004-02,264.9,5.6,270.5,83,true
15,4,8,WP-0004-03,180.8,6.5,187.3,49,true
16,4,8,WP-0004-04,349.2,2.9,352.1,144,true
17,4,8,WP-0004-05,295.0,1.3,296.3,47,true
18,4,8,WP-0004-06,182.1,2.6,184.7,112,true
19,4,8,WP-0004-07,396.2,2.1,398.3,49,true
20,5,3,WP-0005-01,373.4,7.1,380.5,105,true
21,5,3,WP-0005-02,386.3,3.3,389.6,118,true
22,5,3,WP-0005-03,308.3,1.5,309.8,149,true
23,5,3,WP-0005-04,311.1,4.0,315.1,127,true
24,5,3,WP-0005-05,269.0,7.2,276.2,45,true
25,5,3,WP-0005-06,204.7,7.5,212.2,135,true
26,5,3,WP-0005-07,130.2,1.3,131.5,128,true
27,5,3,WP-0005-08,344.1,3.4,347.5,137,true
28,6,6,WP-0006-01,311.2,2.7,313.9,69,true
29,6,6,WP-0006-02,430.3,7.1,437.4,133,true
30,6,6,WP-0006-03,387.0,5.5,392.5,54,true
31,6,6,WP-0006-04,213.7,4.3,218.0,44,true
32,6,6,WP-0006-05,272.3,2.0,274.3,91,true
33,6,6,WP-0006-06,123.4,3.2,126.6,148,true
34,7,1,WP-0007-01,433.4,0.3,433.7,168,true
35,7,1,WP-0007-02,383.3,2.2,385.5,82,true
36,7,1,WP-0007-03,160.9,4.3,165.2,101,true
37,7,1,WP-0007-04,406.0,5.7,411.7,132,true
38,7,1,WP-0007-05,316.5,8.0,324.5,136,true
39,7,1,WP-0007-06,135.7,7.6,143.3,175,true
40,7,1,WP-0007-07,139.7,4.6,144.3,159,true
41,7,1,WP-0007-08,446.7,6.5,453.2,143,true
42,7,1,WP-0007-09,162.1,1.5,163.6,110,true
43,8,9,WP-0008-01,189.5,3.9,193.4,154,true
44,8,9,WP-0008-02,121.6,2.8,124.4,129,true
45,8,9,WP-0008-03,330.8,1.6,332.4,103,true
46,8,9,WP-0008-04,151.4,6.4,157.8,91,true
47,8,9,WP-0008-05,139.3,1.8,141.1,87,true
48,8,9,WP-0008-06,215.6,4.2,219.8,95,true
49,8,9,WP-0008-07,430.0,3.1,433.1,166,true
50,8,9,WP-0008-08,377.1,5.3,382.4,47,true
51,8,9,WP-0008-09,345.7,4.1,349.8,112,true
52,8,9,WP-0008-10,226.5,1.3,227.8,154,true
53,8,9,WP-0008-11,453.1,0.5,453.6,95,true
54,8,9,WP-0008-12,318.6,0.8,319.4,162,true
55,9,10,WP-0009-01,127.0,7.2,134.2,123,true
56,9,10,WP-0009-02,251.2,1.7,252.9,165,true
57,9,10,WP-0009-03,205.3,5.7,211.0,144,true
58,9,10,WP-0009-04,142.1,2.5,144.6,114,true
59,9,10,WP-0009-05,299.2,0.9,300.1,68,true
60,9,10,WP-0009-06,198.2,3.3,201.5,122,true
61,9,10,WP-0009-07,378.4,1.7,380.1,93,true
62,9,10,WP-0009-08,407.9,5.8,413.7,162,true
63,9,10,WP-0009-09,211.6,4.2,215.8,58,true
64,10,2,WP-0010-01,124.0,6.3,130.3,51,true
65,10,2,WP-0010-02,262.8,7.2,270.0,124,true
66,10,2,WP-0010-03,189.4,6.1,195.5,171,true
67,10,2,WP-0010-04,311.8,1.2,313.0,157,true
68,10,2,WP-0010-05,149.8,2.5,152.3,170,true
69,10,2,WP-0010-06,470.4,3.8,474.2,130,true
70,10,2,WP-0010-07,458.1,6.9,465.0,153,true
71,10,2,WP-0010-08,246.9,0.2,247.1,61,true
72,10,2,WP-0010-09,304.4,0.8,305.2,174,true
73,10,2,WP-0010-10,346.5,5.1,351.6,130,true
74,11,9,WP-0011-01,430.2,4.2,434.4,107,true
75,11,9,WP-0011-02,290.4,6.0,296.4,63,true
76,11,9,WP-0011-03,460.0,2.2,462.2,130,true
77,12,12,WP-0012-01,162.7,2.5,165.2,56,true
78,12,12,WP-0012-02,280.5,4.5,285.0,82,true
79,12,12,WP-0012-03,328.2,4.1,332.3,139,true
80,12,12,WP-0012-04,374.4,0.5,374.9,46,true
81,12,12,WP-0012-05,402.8,4.4,407.2,150,true
82,12,12,WP-0012-06,400.6,5.3,405.9,84,true
83,12,12,WP-0012-07,261.6,6.4,268.0,79,true
84,12,12,WP-0012-08,469.8,4.8,474.6,167,true
85,12,12,WP-0012-09,252.8,4.4,257.2,111,true
86,13,6,WP-0013-01,178.8,6.8,185.6,47,true
87,13,6,WP-0013-02,285.6,1.9,287.5,180,true
88,13,6,WP-0013-03,142.8,2.4,145.2,102,true
89,13,6,WP-0013-04,249.0,6.3,255.3,75,true
90,13,6,WP-0013-05,472.5,1.4,473.9,66,true
91,14,6,WP-0014-01,219.1,3.9,223.0,168,true
92,14,6,WP-0014-02,425.5,2.2,427.7,63,true
93,14,6,WP-0014-03,198.4,2.5,200.9,64,true
94,14,6,WP-0014-04,302.4,2.8,305.2,103,true
95,14,6,WP-0014-05,311.3,3.5,314.8,47,true
96,14,6,WP-0014-06,225.0,0.7,225.7,40,true
97,15,5,WP-0015-01,222.2,7.5,229.7,157,true
98,15,5,WP-0015-02,146.2,6.2,152.4,151,true
99,15,5,WP-0015-03,124.8,7.7,132.5,42,true
100,15,5,WP-0015-04,215.5,3.0,218.5,168,true
101,16,5,WP-0016-01,134.2,5.7,139.9,141,true
102,16,5,WP-0016-02,193.4,3.8,197.2,161,true
103,16,5,WP-0016-03,222.0,2.3,224.3,41,true
104,16,5,WP-0016-04,416.3,6.4,422.7,84,true
105,16,5,WP-0016-05,238.7,5.3,244.0,115,true
106,16,5,WP-0016-06,270.8,1.3,272.1,47,true
107,16,5,WP-0016-07,308.3,6.8,315.1,118,true
108,16,5,WP-0016-08,135.9,1.6,137.5,149,true
109,16,5,WP-0016-09,160.5,1.2,161.7,94,true
110,17,11,WP-0017-01,430.5,1.8,432.3,106,true
111,17,11,WP-0017-02,233.0,1.6,234.6,83,true
112,17,11,WP-0017-03,151.2,4.3,155.5,124,true
113,17,11,WP-0017-04,223.0,2.0,225.0,46,true
114,17,11,WP-0017-05,367.5,7.7,375.2,86,true
115,17,11,WP-0017-06,124.8,0.3,125.1,179,true
116,17,11,WP-0017-07,290.2,0.4,290.6,115,true
117,18,6,WP-0018-01,208.5,5.5,214.0,177,true
118,18,6,WP-0018-02,338.6,2.9,341.5,82,true
119,18,6,WP-0018-03,200.8,4.8,205.6,144,true
120,18,6,WP-0018-04,374.0,4.5,378.5,172,true
121,18,6,WP-0018-05,139.6,6.6,146.2,88,true
122,18,6,WP-0018-06,366.4,1.9,368.3,115,true
123,18,6,WP-0018-07,257.5,0.7,258.2,162,true
124,18,6,WP-0018-08,315.7,5.7,321.4,47,true
125,18,6,WP-0018-09,425.4,4.1,429.5,85,true
126,18,6,WP-0018-10,337.9,2.8,340.7,170,true
127,18,6,WP-0018-11,168.8,7.6,176.4,144,true
128,18,6,WP-0018-12,169.5,7.1,176.6,133,true
129,19,7,WP-0019-01,196.9,4.2,201.1,103,true
130,20,1,WP-0020-01,192.2,5.4,197.6,148,true
131,20,1,WP-0020-02,145.2,5.7,150.9,115,true
132,20,1,WP-0020-03,368.6,5.9,374.5,164,true
133,20,1,WP-0020-04,126.2,6.0,132.2,126,true
134,20,1,WP-0020-05,421.3,6.7,428.0,85,true
135,20,1,WP-0020-06,349.9,7.9,357.8,47,true
136,20,1,WP-0020-07,324.4,2.6,327.0,173,true
137,20,1,WP-0020-08,304.5,6.2,310.7,134,true
138,21,4,WP-0021-01,392.7,2.4,395.1,133,true
139,21,4,WP-0021-02,169.5,1.8,171.3,170,true
140,21,4,WP-0021-03,205.9,7.8,213.7,56,true
141,21,4,WP-0021-04,365.0,7.3,372.3,52,true
142,21,4,WP-0021-05,137.7,1.3,139.0,112,true
143,21,4,WP-0021-06,334.6,4.3,338.9,177,true
144,21,4,WP-0021-07,282.3,4.9,287.2,92,true
145,22,11,WP-0022-01,423.4,3.2,426.6,123,true
146,22,11,WP-0022-02,393.2,2.0,395.2,82,true
147,22,11,WP-0022-03,219.9,7.9,227.8,57,true
148,22,11,WP-0022-04,245.1,1.0,246.1,90,true
149,22,11,WP-0022-05,334.8,6.9,341.7,132,true
150,22,11,WP-0022-06,343.4,7.7,351.1,112,true
151,22,11,WP-0022-07,202.9,6.3,209.2,92,true
152,22,11,WP-0022-08,298.4,2.4,300.8,158,true
153,22,11,WP-0022-09,203.0,7.4,210.4,64,true
154,22,11,WP-0022-10,414.8,6.9,421.7,70,true
155,22,11,WP-0022-11,452.3,5.7,458.0,52,true
156,23,2,WP-0023-01,249.6,6.0,255.6,86,true
157,23,2,WP-0023-02,310.4,1.8,312.2,50,true
158,23,2,WP-0023-03,208.3,3.6,211.9,55,true
159,23,2,WP-0023-04,350.1,6.6,356.7,159,true
160,23,2,WP-0023-05,355.6,5.9,361.5,70,true
161,23,2,WP-0023-06,425.8,0.5,426.3,131,true
162,23,2,WP-0023-07,442.7,4.0,446.7,161,true
163,23,2,WP-0023-08,305.3,1.0,306.3,172,true
164,24,9,WP-0024-01,338.0,2.6,340.6,175,true
165,24,9,WP-0024-02,271.5,5.4,276.9,134,true
166,24,9,WP-0024-03,410.4,2.3,412.7,47,true
167,24,9,WP-0024-04,148.1,5.1,153.2,172,true
168,24,9,WP-0024-05,300.5,4.9,305.4,105,true
169,24,9,WP-0024-06,230.6,5.3,235.9,67,true
170,24,9,WP-0024-07,277.3,7.8,285.1,108,true
171,24,9,WP-0024-08,272.9,1.6,274.5,96,true
172,24,9,WP-0024-09,295.4,4.0,299.4,120,true
173,24,9,WP-0024-10,438.5,4.6,443.1,166,true
174,25,4,WP-0025-01,351.1,0.8,351.9,111,true
175,25,4,WP-0025-02,447.9,6.5,454.4,132,true
176,25,4,WP-0025-03,411.4,2.4,413.8,64,true
177,25,4,WP-0025-04,285.4,7.9,293.3,119,true
178,25,4,WP-0025-05,456.7,6.8,463.5,113,true
179,25,4,WP-0025-06,199.0,1.4,200.4,122,true
180,26,3,WP-0026-01,408.1,4.1,412.2,166,true
181,26,3,WP-0026-02,216.9,0.6,217.5,125,true
182,26,3,WP-0026-03,168.2,6.9,175.1,97,true
183,26,3,WP-0026-04,401.0,3.1,404.1,152,true
184,26,3,WP-0026-05,293.3,7.7,301.0,136,true
185,27,3,WP-0027-01,397.7,1.2,398.9,75,true
186,27,3,WP-0027-02,207.1,5.4,212.5,179,true
187,27,3,WP-0027-03,291.0,4.2,295.2,53,true
188,27,3,WP-0027-04,468.2,4.4,472.6,87,true
189,27,3,WP-0027-05,128.3,5.3,133.6,98,true
190,27,3,WP-0027-06,196.9,2.2,199.1,155,true
191,27,3,WP-0027-07,170.5,4.5,175.0,113,true
192,27,3,WP-0027-08,163.0,1.1,164.1,42,true
193,27,3,WP-0027-09,410.7,1.7,412.4,141,true
194,27,3,WP-0027-10,254.2,7.8,262.0,57,true
195,27,3,WP-0027-11,345.0,0.7,345.7,142,true
196,27,3,WP-0027-12,138.5,7.3,145.8,157,true
197,28,5,WP-0028-01,225.7,3.8,229.5,145,true
198,28,5,WP-0028-02,369.3,3.6,372.9,128,true
199,28,5,WP-0028-03,359.7,2.3,362.0,141,true
200,28,5,WP-0028-04,136.1,6.3,142.4,135,true
201,28,5,WP-0028-05,450.5,4.7,455.2,159,true
202,28,5,WP-0028-06,360.0,1.1,361.1,87,true
203,28,5,WP-0028-07,405.1,0.4,405.5,113,true
204,28,5,WP-0028-08,337.5,3.0,340.5,141,true
205,28,5,WP-0028-09,232.3,2.8,235.1,78,true
206,29,12,WP-0029-01,356.0,0.2,356.2,160,true
207,29,12,WP-0029-02,146.2,0.4,146.6,105,true
208,29,12,WP-0029-03,440.2,2.2,442.4,90,true
209,29,12,WP-0029-04,353.0,0.4,353.4,116,true
210,29,12,WP-0029-05,205.9,1.7,207.6,81,true
211,29,12,WP-0029-06,224.4,1.2,225.6,59,true
212,29,12,WP-0029-07,126.0,3.6,129.6,88,true
213,30,4,WP-0030-01,396.4,2.2,398.6,156,true
214,30,4,WP-0030-02,128.9,2.5,131.4,46,true
215,30,4,WP-0030-03,260.4,6.6,267.0,132,true
216,30,4,WP-0030-04,202.6,6.3,208.9,55,true
217,31,7,WP-0031-01,177.7,4.8,182.5,177,true
218,31,7,WP-0031-02,366.0,6.4,372.4,134,true
219,31,7,WP-0031-03,471.3,7.0,478.3,42,true
220,31,7,WP-0031-04,391.8,5.1,396.9,177,true
221,31,7,WP-0031-05,406.6,6.9,413.5,112,true
222,31,7,WP-0031-06,200.7,1.9,202.6,111,true
223,31,7,WP-0031-07,167.0,3.7,170.7,137,true
224,32,8,WP-0032-01,332.0,5.6,337.6,139,true
225,32,8,WP-0032-02,474.3,2.8,477.1,148,true
226,32,8,WP-0032-03,402.9,7.2,410.1,91,true
227,32,8,WP-0032-04,307.7,3.6,311.3,50,true
228,33,6,WP-0033-01,369.3,5.5,374.8,155,true
229,33,6,WP-0033-02,383.7,5.2,388.9,108,true
230,33,6,WP-0033-03,479.0,0.6,479.6,175,true
231,33,6,WP-0033-04,451.5,1.2,452.7,177,true
232,33,6,WP-0033-05,209.8,5.3,215.1,61,true
233,33,6,WP-0033-06,188.6,7.2,195.8,98,true
234,34,11,WP-0034-01,322.6,4.5,327.1,138,true
235,34,11,WP-0034-02,471.9,3.7,475.6,142,true
236,34,11,WP-0034-03,451.2,6.5,457.7,176,true
237,34,11,WP-0034-04,450.5,6.9,457.4,99,true
238,34,11,WP-0034-05,475.2,5.2,480.4,66,true
239,34,11,WP-0034-06,199.3,3.4,202.7,114,true
240,34,11,WP-0034-07,437.7,5.7,443.4,81,true
241,34,11,WP-0034-08,138.1,7.7,145.8,161,true
242,34,11,WP-0034-09,333.4,4.2,337.6,112,true
243,35,11,WP-0035-01,347.1,6.5,353.6,51,true
244,35,11,WP-0035-02,165.8,7.4,173.2,154,true
245,35,11,WP-0035-03,367.4,2.9,370.3,114,true
246,35,11,WP-0035-04,133.6,7.8,141.4,78,true
247,35,11,WP-0035-05,301.3,1.4,302.7,89,true
248,35,11,WP-0035-06,413.8,3.6,417.4,118,true
249,35,11,WP-0035-07,215.3,2.8,218.1,166,true
250,35,11,WP-0035-08,257.1,4.6,261.7,46,true
251,35,11,WP-0035-09,461.9,7.5,469.4,163,true
252,35,11,WP-0035-10,208.9,1.5,210.4,72,true
253,35,11,WP-0035-11,305.5,4.7,310.2,72,true
254,36,5,WP-0036-01,340.5,4.2,344.7,63,true
255,36,5,WP-0036-02,314.5,1.1,315.6,109,true
256,36,5,WP-0036-03,166.3,2.2,168.5,45,true
257,36,5,WP-0036-04,445.3,6.6,451.9,149,true
258,36,5,WP-0036-05,355.2,0.5,355.7,98,true
259,37,9,WP-0037-01,246.3,4.6,250.9,84,true
260,37,9,WP-0037-02,242.3,2.5,244.8,137,true
261,37,9,WP-0037-03,367.4,5.4,372.8,48,true
262,37,9,WP-0037-04,227.8,0.4,228.2,130,true
263,37,9,WP-0037-05,227.4,5.3,232.7,153,true
264,37,9,WP-0037-06,467.1,2.8,469.9,54,true
265,37,9,WP-0037-07,282.9,4.3,287.2,89,true
266,37,9,WP-0037-08,233.3,7.1,240.4,153,true
267,37,9,WP-0037-09,355.1,5.9,361.0,54,true
268,37,9,WP-0037-10,403.6,1.2,404.8,180,true
269,37,9,WP-0037-11,153.3,0.8,154.1,89,true
270,38,7,WP-0038-01,392.8,4.7,397.5,48,true
271,39,12,WP-0039-01,232.6,3.1,235.7,143,true
272,39,12,WP-0039-02,470.1,4.8,474.9,42,true
273,39,12,WP-0039-03,330.4,1.6,332.0,152,true
274,39,12,WP-0039-04,440.2,4.9,445.1,44,true
275,39,12,WP-0039-05,320.1,7.6,327.7,149,true
276,40,5,WP-0040-01,379.3,2.9,382.2,75,true
277,40,5,WP-0040-02,430.5,3.8,434.3,44,true
278,40,5,WP-0040-03,437.4,3.8,441.2,124,true
279,40,5,WP-0040-04,147.2,6.8,154.0,47,true
280,40,5,WP-0040-05,372.8,1.9,374.7,118,true
281,40,5,WP-0040-06,442.1,0.3,442.4,146,true
282,41,7,WP-0041-01,337.2,4.8,342.0,86,true
283,41,7,WP-0041-02,130.3,6.4,136.7,180,true
284,41,7,WP-0041-03,424.5,0.4,424.9,137,true
285,41,7,WP-0041-04,220.1,8.0,228.1,132,true
286,41,7,WP-0041-05,174.6,2.8,177.4,108,true
287,42,1,WP-0042-01,253.2,7.8,261.0,54,true
288,42,1,WP-0042-02,384.3,6.3,390.6,153,true
289,42,1,WP-0042-03,411.2,6.4,417.6,149,true
290,42,1,WP-0042-04,273.5,1.3,274.8,169,true
291,43,1,WP-0043-01,228.0,3.7,231.7,134,true
292,43,1,WP-0043-02,245.2,1.1,246.3,62,true
293,43,1,WP-0043-03,475.9,3.2,479.1,73,true
294,43,1,WP-0043-04,231.5,4.3,235.8,123,true
295,43,1,WP-0043-05,132.7,6.6,139.3,56,true
296,43,1,WP-0043-06,455.3,4.3,459.6,134,true
297,43,1,WP-0043-07,246.3,3.7,250.0,134,true
298,43,1,WP-0043-08,161.0,5.0,166.0,80,true
299,43,1,WP-0043-09,340.5,1.2,341.7,136,true
300,43,1,WP-0043-10,438.2,1.9,440.1,51,true
301,43,1,WP-0043-11,312.2,5.8,318.0,89,true
302,43,1,WP-0043-12,122.4,2.1,124.5,41,true
303,44,12,WP-0044-01,243.6,7.0,250.6,53,true
304,44,12,WP-0044-02,376.3,5.7,382.0,72,true
305,44,12,WP-0044-03,143.1,1.4,144.5,137,true
306,44,12,WP-0044-04,440.6,6.1,446.7,125,true
307,44,12,WP-0044-05,255.3,3.7,259.0,137,true
308,45,5,WP-0045-01,164.3,0.4,164.7,96,true
309,45,5,WP-0045-02,412.9,7.9,420.8,88,true
310,45,5,WP-0045-03,221.7,5.5,227.2,158,true
311,45,5,WP-0045-04,197.3,2.1,199.4,72,true
312,45,5,WP-0045-05,231.5,2.0,233.5,123,true
313,45,5,WP-0045-06,237.2,3.7,240.9,168,true
314,45,5,WP-0045-07,381.8,3.2,385.0,131,true
315,45,5,WP-0045-08,412.4,2.1,414.5,59,true
316,45,5,WP-0045-09,366.4,7.6,374.0,77,true
317,45,5,WP-0045-10,413.5,1.7,415.2,171,true
318,46,11,WP-0046-01,190.1,2.4,192.5,172,true
319,46,11,WP-0046-02,230.4,2.8,233.2,116,true
320,46,11,WP-0046-03,411.6,6.3,417.9,115,true
321,46,11,WP-0046-04,314.8,6.6,321.4,142,true
322,46,11,WP-0046-05,395.2,7.2,402.4,85,true
323,47,7,WP-0047-01,135.4,6.6,142.0,140,true
324,47,7,WP-0047-02,282.4,7.7,290.1,170,true
325,47,7,WP-0047-03,370.8,0.2,371.0,121,true
326,47,7,WP-0047-04,447.1,4.0,451.1,103,true
327,47,7,WP-0047-05,458.2,4.2,462.4,157,true
328,47,7,WP-0047-06,194.3,7.6,201.9,79,true
329,47,7,WP-0047-07,350.5,3.6,354.1,89,true
330,47,7,WP-0047-08,269.3,5.9,275.2,99,true
331,47,7,WP-0047-09,400.6,3.9,404.5,150,true
332,47,7,WP-0047-10,255.6,4.1,259.7,159,true
333,47,7,WP-0047-11,281.3,4.6,285.9,160,true
334,47,7,WP-0047-12,473.9,2.5,476.4,169,true
335,48,4,WP-0048-01,376.0,4.8,380.8,102,true
336,48,4,WP-0048-02,442.2,3.6,445.8,101,true
337,48,4,WP-0048-03,413.7,4.1,417.8,109,true
338,48,4,WP-0048-04,454.1,1.4,455.5,169,true
339,48,4,WP-0048-05,251.6,7.4,259.0,103,true
340,48,4,WP-0048-06,252.9,3.4,256.3,74,true
341,48,4,WP-0048-07,478.3,6.9,485.2,155,true
342,48,4,WP-0048-08,476.2,4.4,480.6,66,true
343,48,4,WP-0048-09,314.2,7.4,321.6,178,true
344,48,4,WP-0048-10,368.8,4.0,372.8,90,true
345,48,4,WP-0048-11,373.1,0.9,374.0,61,true
346,48,4,WP-0048-12,456.7,0.4,457.1,65,true
347,49,1,WP-0049-01,182.4,7.9,190.3,57,true
348,49,1,WP-0049-02,356.9,1.2,358.1,165,true
349,49,1,WP-0049-03,316.6,5.2,321.8,41,true
350,49,1,WP-0049-04,164.9,2.3,167.2,118,true
351,49,1,WP-0049-05,452.9,2.1,455.0,157,true
352,50,3,WP-0050-01,478.6,0.4,479.0,101,true
353,50,3,WP-0050-02,381.9,0.2,382.1,62,true
354,50,3,WP-0050-03,303.1,2.0,305.1,140,true
355,50,3,WP-0050-04,475.8,2.0,477.8,45,true
356,50,3,WP-0050-05,409.7,1.4,411.1,89,true
357,50,3,WP-0050-06,131.7,5.3,137.0,112,true
358,50,3,WP-0050-07,316.7,7.6,324.3,179,true
359,50,3,WP-0050-08,249.9,2.9,252.8,118,true
360,51,4,WP-0051-01,293.7,0.9,294.6,133,true
361,51,4,WP-0051-02,326.6,1.5,328.1,58,true
362,51,4,WP-0051-03,471.5,6.7,478.2,42,true
363,51,4,WP-0051-04,451.4,7.4,458.8,98,true
364,51,4,WP-0051-05,351.2,3.6,354.8,67,true
365,51,4,WP-0051-06,287.4,3.7,291.1,88,true
366,52,5,WP-0052-01,216.1,0.5,216.6,91,true
367,52,5,WP-0052-02,366.0,6.5,372.5,103,true
368,52,5,WP-0052-03,228.7,7.7,236.4,123,true
369,52,5,WP-0052-04,205.3,3.7,209.0,148,true
370,52,5,WP-0052-05,447.3,1.7,449.0,43,true
371,52,5,WP-0052-06,171.4,3.4,174.8,166,true
372,52,5,WP-0052-07,240.3,1.0,241.3,104,true
373,52,5,WP-0052-08,171.3,0.7,172.0,145,true
374,52,5,WP-0052-09,451.7,6.4,458.1,129,true
375,52,5,WP-0052-10,378.4,2.4,380.8,93,true
376,52,5,WP-0052-11,433.9,7.4,441.3,137,true
377,52,5,WP-0052-12,188.1,0.7,188.8,174,true
378,53,10,WP-0053-01,213.4,7.3,220.7,113,true
379,53,10,WP-0053-02,279.5,1.4,280.9,42,true
380,53,10,WP-0053-03,315.4,4.9,320.3,95,true
381,53,10,WP-0053-04,350.4,4.6,355.0,122,true
382,53,10,WP-0053-05,440.4,1.5,441.9,161,true
383,53,10,WP-0053-06,210.5,2.4,212.9,132,true
384,53,10,WP-0053-07,164.3,7.1,171.4,134,true
385,53,10,WP-0053-08,232.2,2.1,234.3,92,true
386,54,10,WP-0054-01,337.7,3.6,341.3,137,true
387,54,10,WP-0054-02,422.5,2.3,424.8,138,true
388,54,10,WP-0054-03,218.2,2.1,220.3,148,true
389,54,10,WP-0054-04,138.3,7.0,145.3,83,true
390,55,10,WP-0055-01,332.0,3.2,335.2,81,true
391,55,10,WP-0055-02,478.9,2.7,481.6,94,true
392,55,10,WP-0055-03,401.0,1.6,402.6,125,true
393,55,10,WP-0055-04,335.4,7.6,343.0,77,true
394,55,10,WP-0055-05,399.9,7.9,407.8,143,true
395,55,10,WP-0055-06,404.7,6.3,411.0,134,true
396,55,10,WP-0055-07,294.5,2.6,297.1,108,true
397,55,10,WP-0055-08,254.3,5.3,259.6,133,true
398,55,10,WP-0055-09,121.5,4.4,125.9,130,true
399,56,9,WP-0056-01,313.8,2.7,316.5,176,true
400,56,9,WP-0056-02,377.1,0.3,377.4,126,true
401,56,9,WP-0056-03,273.4,4.3,277.7,169,true
402,56,9,WP-0056-04,457.6,7.6,465.2,86,true
403,56,9,WP-0056-05,383.5,4.1,387.6,177,true
404,56,9,WP-0056-06,438.8,2.9,441.7,55,true
405,56,9,WP-0056-07,313.5,3.5,317.0,170,true
406,56,9,WP-0056-08,351.3,0.3,351.6,68,true
407,57,7,WP-0057-01,214.6,6.3,220.9,96,true
408,57,7,WP-0057-02,309.5,1.6,311.1,43,true
409,57,7,WP-0057-03,415.4,1.0,416.4,142,true
410,57,7,WP-0057-04,317.1,4.9,322.0,103,true
411,57,7,WP-0057-05,259.9,3.8,263.7,153,true
412,57,7,WP-0057-06,298.9,4.9,303.8,64,true
413,57,7,WP-0057-07,232.3,7.7,240.0,168,true
414,57,7,WP-0057-08,202.7,1.2,203.9,77,true
415,58,6,WP-0058-01,300.4,1.7,302.1,173,true
416,58,6,WP-0058-02,434.2,6.7,440.9,58,true
417,59,1,WP-0059-01,200.7,4.1,204.8,63,true
418,59,1,WP-0059-02,333.4,6.4,339.8,82,true
419,59,1,WP-0059-03,299.5,2.5,302.0,148,true
420,59,1,WP-0059-04,380.0,4.9,384.9,116,true
421,60,7,WP-0060-01,360.5,4.3,364.8,46,true
422,60,7,WP-0060-02,221.6,4.0,225.6,161,true
423,60,7,WP-0060-03,351.4,0.6,352.0,54,true
424,60,7,WP-0060-04,469.6,7.9,477.5,45,true
425,60,7,WP-0060-05,181.9,0.3,182.2,156,true
426,60,7,WP-0060-06,178.5,7.3,185.8,59,true
427,60,7,WP-0060-07,255.0,4.1,259.1,161,true
428,60,7,WP-0060-08,227.5,4.3,231.8,150,true
429,60,7,WP-0060-09,210.3,6.7,217.0,150,true
430,60,7,WP-0060-10,269.9,4.3,274.2,153,true
431,60,7,WP-0060-11,340.7,7.6,348.3,109,true
432,61,1,WP-0061-01,323.9,6.3,330.2,139,true
433,61,1,WP-0061-02,415.0,3.2,418.2,142,true
434,61,1,WP-0061-03,206.4,4.5,210.9,143,true
435,61,1,WP-0061-04,176.7,6.0,182.7,113,true
436,61,1,WP-0061-05,323.0,7.4,330.4,140,true
437,61,1,WP-0061-06,163.0,2.4,165.4,126,true
438,61,1,WP-0061-07,452.5,0.2,452.7,55,true
439,61,1,WP-0061-08,246.1,7.5,253.6,132,true
440,61,1,WP-0061-09,405.1,5.5,410.6,130,true
441,61,1,WP-0061-10,148.8,5.0,153.8,116,true
442,62,4,WP-0062-01,222.1,1.6,223.7,93,true
443,62,4,WP-0062-02,287.5,0.5,288.0,171,true
444,62,4,WP-0062-03,372.9,2.3,375.2,79,true
445,62,4,WP-0062-04,277.4,7.0,284.4,69,true
446,62,4,WP-0062-05,342.0,3.1,345.1,82,true
447,62,4,WP-0062-06,160.4,3.6,164.0,55,true
448,62,4,WP-0062-07,132.2,5.4,137.6,123,true
449,62,4,WP-0062-08,147.9,7.6,155.5,112,true
450,62,4,WP-0062-09,184.1,6.1,190.2,106,true
451,62,4,WP-0062-10,320.8,4.5,325.3,50,true
452,63,4,WP-0063-01,178.5,3.9,182.4,89,true
453,63,4,WP-0063-02,238.2,5.5,243.7,153,true
454,63,4,WP-0063-03,440.4,2.2,442.6,120,true
455,63,4,WP-0063-04,419.3,6.6,425.9,105,true
456,64,2,WP-0064-01,316.8,1.7,318.5,67,true
457,64,2,WP-0064-02,322.4,0.3,322.7,104,true
458,64,2,WP-0064-03,353.4,6.5,359.9,121,true
459,64,2,WP-0064-04,152.3,4.0,156.3,159,true
460,64,2,WP-0064-05,381.4,3.5,384.9,110,true
461,64,2,WP-0064-06,182.5,6.9,189.4,75,true
462,64,2,WP-0064-07,183.7,7.0,190.7,103,true
463,64,2,WP-0064-08,404.0,3.7,407.7,108,true
464,64,2,WP-0064-09,242.2,3.7,245.9,110,true
465,64,2,WP-0064-10,439.5,0.7,440.2,138,true
466,64,2,WP-0064-11,137.5,2.2,139.7,85,true
467,64,2,WP-0064-12,264.4,3.0,267.4,82,true
468,65,6,WP-0065-01,403.3,5.0,408.3,148,true
469,65,6,WP-0065-02,122.4,5.8,128.2,121,true
470,65,6,WP-0065-03,131.2,4.9,136.1,176,true
471,65,6,WP-0065-04,183.6,4.2,187.8,42,true
472,65,6,WP-0065-05,429.4,1.7,431.1,52,true
473,65,6,WP-0065-06,309.0,0.4,309.4,52,true
474,65,6,WP-0065-07,154.1,1.3,155.4,72,true
475,65,6,WP-0065-08,277.7,4.5,282.2,168,true
476,65,6,WP-0065-09,444.7,1.2,445.9,111,true
477,66,9,WP-0066-01,219.9,7.4,227.3,63,true
478,66,9,WP-0066-02,125.7,3.2,128.9,41,true
479,66,9,WP-0066-03,150.0,5.9,155.9,166,true
480,66,9,WP-0066-04,322.9,1.2,324.1,110,true
481,66,9,WP-0066-05,437.0,4.4,441.4,49,true
482,66,9,WP-0066-06,289.3,0.4,289.7,91,true
483,67,5,WP-0067-01,250.4,0.5,250.9,169,true
484,67,5,WP-0067-02,194.0,7.5,201.5,160,true
485,67,5,WP-0067-03,451.2,6.1,457.3,110,true
486,67,5,WP-0067-04,190.8,3.9,194.7,173,true
487,67,5,WP-0067-05,274.8,2.7,277.5,109,true
488,68,9,WP-0068-01,408.2,2.2,410.4,137,true
489,69,12,WP-0069-01,213.7,1.2,214.9,162,true
490,69,12,WP-0069-02,443.0,4.8,447.8,82,true
491,69,12,WP-0069-03,427.5,0.6,428.1,158,true
492,70,6,WP-0070-01,242.0,7.4,249.4,77,true
493,70,6,WP-0070-02,431.8,7.5,439.3,109,true
494,70,6,WP-0070-03,240.3,0.3,240.6,130,true
495,70,6,WP-0070-04,235.5,7.2,242.7,61,true
496,70,6,WP-0070-05,262.7,4.5,267.2,167,true
497,70,6,WP-0070-06,439.6,7.3,446.9,91,true
498,70,6,WP-0070-07,467.7,1.7,469.4,104,true
499,70,6,WP-0070-08,308.6,0.8,309.4,170,true
500,70,6,WP-0070-09,148.0,3.6,151.6,106,true
501,70,6,WP-0070-10,144.2,1.8,146.0,94,true
502,70,6,WP-0070-11,338.9,4.3,343.2,67,true
503,71,8,WP-0071-01,384.0,3.8,387.8,105,true
504,71,8,WP-0071-02,219.1,6.8,225.9,98,true
505,71,8,WP-0071-03,222.8,3.8,226.6,67,true
506,71,8,WP-0071-04,163.5,7.2,170.7,68,true
507,72,11,WP-0072-01,287.4,7.5,294.9,124,true
508,72,11,WP-0072-02,478.5,6.9,485.4,125,true
509,72,11,WP-0072-03,182.5,6.6,189.1,41,true
510,72,11,WP-0072-04,151.0,2.2,153.2,67,true
511,72,11,WP-0072-05,209.2,5.8,215.0,55,true
512,72,11,WP-0072-06,409.9,2.8,412.7,173,true
513,72,11,WP-0072-07,177.8,7.6,185.4,149,true
514,73,10,WP-0073-01,256.3,3.9,260.2,82,true
515,73,10,WP-0073-02,320.6,6.5,327.1,158,true
516,74,7,WP-0074-01,381.4,2.1,383.5,83,true
517,74,7,WP-0074-02,178.8,2.8,181.6,164,true
518,74,7,WP-0074-03,245.1,2.2,247.3,80,true
519,74,7,WP-0074-04,229.4,1.2,230.6,171,true
520,74,7,WP-0074-05,462.0,4.5,466.5,147,true
521,74,7,WP-0074-06,134.5,3.7,138.2,175,true
522,74,7,WP-0074-07,175.5,3.7,179.2,142,true
523,75,1,WP-0075-01,445.1,6.2,451.3,125,true
524,75,1,WP-0075-02,411.7,1.3,413.0,169,true
525,75,1,WP-0075-03,450.3,2.0,452.3,122,true
526,75,1,WP-0075-04,433.5,7.9,441.4,120,true
527,75,1,WP-0075-05,207.1,1.3,208.4,159,true
528,75,1,WP-0075-06,461.4,3.6,465.0,98,true
529,75,1,WP-0075-07,179.6,1.8,181.4,61,true
530,75,1,WP-0075-08,433.4,2.4,435.8,94,true
531,75,1,WP-0075-09,154.9,2.3,157.2,88,true
532,75,1,WP-0075-10,168.0,0.6,168.6,149,true
533,76,3,WP-0076-01,247.0,0.6,247.6,143,true
534,76,3,WP-0076-02,369.5,7.8,377.3,80,true
535,76,3,WP-0076-03,221.7,5.4,227.1,77,true
536,76,3,WP-0076-04,473.5,3.3,476.8,152,true
537,76,3,WP-0076-05,138.8,7.0,145.8,127,true
538,76,3,WP-0076-06,172.0,6.4,178.4,119,true
539,77,3,WP-0077-01,171.9,5.8,177.7,133,true
540,77,3,WP-0077-02,287.8,5.0,292.8,123,true
541,77,3,WP-0077-03,135.1,2.7,137.8,105,true
542,77,3,WP-0077-04,264.4,1.9,266.3,137,true
543,77,3,WP-0077-05,120.8,1.8,122.6,69,true
544,77,3,WP-0077-06,459.8,2.3,462.1,166,true
545,77,3,WP-0077-07,410.9,7.1,418.0,137,true
546,77,3,WP-0077-08,224.9,7.4,232.3,131,true
547,77,3,WP-0077-09,364.5,5.7,370.2,161,true
548,77,3,WP-0077-10,214.5,6.8,221.3,170,true
549,77,3,WP-0077-11,271.6,2.1,273.7,139,true
550,78,9,WP-0078-01,440.2,2.0,442.2,113,true
551,78,9,WP-0078-02,247.5,2.3,249.8,116,true
552,78,9,WP-0078-03,216.7,4.6,221.3,72,true
553,78,9,WP-0078-04,476.0,4.3,480.3,115,true
554,78,9,WP-0078-05,323.2,7.7,330.9,144,true
555,78,9,WP-0078-06,346.1,6.6,352.7,166,true
556,78,9,WP-0078-07,426.7,5.3,432.0,157,true
557,79,12,WP-0079-01,470.9,5.2,476.1,123,true
558,79,12,WP-0079-02,315.4,6.1,321.5,84,true
559,79,12,WP-0079-03,157.3,5.9,163.2,73,true
560,79,12,WP-0079-04,371.4,7.9,379.3,139,true
561,79,12,WP-0079-05,345.7,0.5,346.2,54,true
562,79,12,WP-0079-06,390.3,0.4,390.7,73,true
563,79,12,WP-0079-07,271.8,3.1,274.9,122,true
564,80,5,WP-0080-01,363.9,6.0,369.9,108,true
565,80,5,WP-0080-02,405.4,3.0,408.4,78,true
566,80,5,WP-0080-03,369.2,2.2,371.4,62,true
567,80,5,WP-0080-04,269.2,6.9,276.1,98,true
568,80,5,WP-0080-05,340.5,0.4,340.9,69,true
569,80,5,WP-0080-06,401.7,2.2,403.9,168,true
570,80,5,WP-0080-07,239.2,1.6,240.8,58,true
571,80,5,WP-0080-08,164.6,2.1,166.7,138,true
572,80,5,WP-0080-09,227.0,2.1,229.1,143,true
573,80,5,WP-0080-10,470.4,0.9,471.3,92,true
574,80,5,WP-0080-11,391.8,5.0,396.8,56,true
575,81,6,WP-0081-01,431.9,6.6,438.5,102,true
576,81,6,WP-0081-02,325.0,2.1,327.1,100,true
577,81,6,WP-0081-03,176.5,2.1,178.6,96,true
578,81,6,WP-0081-04,442.8,7.3,450.1,103,true
579,81,6,WP-0081-05,192.3,2.5,194.8,179,true
580,81,6,WP-0081-06,196.7,5.2,201.9,170,true
581,81,6,WP-0081-07,404.7,6.4,411.1,58,true
582,82,10,WP-0082-01,315.0,0.8,315.8,50,true
583,82,10,WP-0082-02,430.8,4.9,435.7,52,true
584,82,10,WP-0082-03,140.6,0.6,141.2,138,true
585,82,10,WP-0082-04,229.7,4.3,234.0,175,true
586,82,10,WP-0082-05,465.4,0.2,465.6,68,true
587,82,10,WP-0082-06,191.0,1.6,192.6,46,true
588,82,10,WP-0082-07,286.7,6.2,292.9,53,true
589,82,10,WP-0082-08,412.9,2.9,415.8,117,true
590,83,8,WP-0083-01,429.1,7.1,436.2,46,true
591,83,8,WP-0083-02,258.3,2.0,260.3,142,true
592,83,8,WP-0083-03,449.8,7.6,457.4,89,true
593,83,8,WP-0083-04,218.2,7.2,225.4,170,true
594,83,8,WP-0083-05,153.4,2.0,155.4,149,true
595,83,8,WP-0083-06,458.5,7.5,466.0,110,true
596,83,8,WP-0083-07,283.2,1.7,284.9,142,true
597,84,11,WP-0084-01,329.9,3.2,333.1,100,true
598,84,11,WP-0084-02,265.7,2.5,268.2,86,true
599,84,11,WP-0084-03,263.5,4.1,267.6,47,true
600,84,11,WP-0084-04,293.6,3.6,297.2,117,true
601,84,11,WP-0084-05,422.3,5.9,428.2,89,true
602,84,11,WP-0084-06,439.9,1.7,441.6,61,true
603,84,11,WP-0084-07,243.2,1.7,244.9,150,true
604,85,5,WP-0085-01,253.5,0.2,253.7,84,true
605,85,5,WP-0085-02,256.9,3.3,260.2,130,true
606,85,5,WP-0085-03,181.2,1.0,182.2,75,true
607,85,5,WP-0085-04,331.9,6.7,338.6,98,true
608,85,5,WP-0085-05,327.0,3.1,330.1,74,true
609,85,5,WP-0085-06,192.3,7.6,199.9,40,true
610,85,5,WP-0085-07,126.4,2.6,129.0,149,true
611,86,8,WP-0086-01,367.5,4.3,371.8,164,true
612,86,8,WP-0086-02,287.2,7.3,294.5,151,true
613,86,8,WP-0086-03,307.4,7.7,315.1,74,true
614,86,8,WP-0086-04,461.5,7.3,468.8,113,true
615,86,8,WP-0086-05,381.6,1.6,383.2,180,true
616,86,8,WP-0086-06,400.4,1.3,401.7,54,true
617,87,4,WP-0087-01,362.4,4.0,366.4,124,true
618,87,4,WP-0087-02,462.1,7.6,469.7,168,true
619,87,4,WP-0087-03,187.6,8.0,195.6,72,true
620,87,4,WP-0087-04,460.2,5.3,465.5,63,true
621,87,4,WP-0087-05,364.8,0.9,365.7,117,true
622,87,4,WP-0087-06,272.4,1.7,274.1,142,true
623,87,4,WP-0087-07,458.1,1.0,459.1,162,true
624,87,4,WP-0087-08,415.0,2.0,417.0,150,true
625,87,4,WP-0087-09,176.6,5.1,181.7,144,true
626,87,4,WP-0087-10,392.6,2.1,394.7,93,true
627,88,2,WP-0088-01,339.1,5.6,344.7,115,true
628,88,2,WP-0088-02,163.7,6.5,170.2,102,true
629,88,2,WP-0088-03,420.5,0.7,421.2,135,true
630,88,2,WP-0088-04,203.9,2.9,206.8,47,true
631,88,2,WP-0088-05,168.6,4.4,173.0,81,true
632,88,2,WP-0088-06,302.3,1.1,303.4,45,true
633,88,2,WP-0088-07,285.1,1.7,286.8,157,true
634,89,4,WP-0089-01,330.2,1.2,331.4,99,true
635,89,4,WP-0089-02,449.0,4.7,453.7,161,true
636,89,4,WP-0089-03,420.3,4.7,425.0,176,true
637,89,4,WP-0089-04,279.9,5.9,285.8,142,true
638,89,4,WP-0089-05,135.6,7.4,143.0,46,true
639,89,4,WP-0089-06,413.0,1.4,414.4,72,true
640,89,4,WP-0089-07,459.9,4.6,464.5,158,true
641,89,4,WP-0089-08,369.7,3.6,373.3,104,true
642,89,4,WP-0089-09,201.4,4.6,206.0,149,true
643,89,4,WP-0089-10,260.3,0.3,260.6,147,true
644,89,4,WP-0089-11,312.6,5.9,318.5,171,true
645,89,4,WP-0089-12,178.8,2.8,181.6,117,true
646,90,1,WP-0090-01,197.8,0.7,198.5,74,true
647,90,1,WP-0090-02,155.4,3.1,158.5,87,true
648,90,1,WP-0090-03,174.2,5.2,179.4,65,true
649,90,1,WP-0090-04,443.9,0.6,444.5,55,true
650,90,1,WP-0090-05,124.6,2.7,127.3,87,true
651,90,1,WP-0090-06,227.7,2.2,229.9,152,true
652,91,7,WP-0091-01,470.4,0.9,471.3,116,true
653,91,7,WP-0091-02,407.7,6.5,414.2,53,true
654,91,7,WP-0091-03,165.8,5.9,171.7,40,true
655,91,7,WP-0091-04,137.6,7.3,144.9,65,true
656,91,7,WP-0091-05,284.6,7.7,292.3,158,true
657,91,7,WP-0091-06,397.7,3.4,401.1,72,true
658,91,7,WP-0091-07,409.1,0.3,409.4,86,true
659,91,7,WP-0091-08,155.6,6.8,162.4,114,true
660,91,7,WP-0091-09,317.1,3.8,320.9,126,true
661,91,7,WP-0091-10,303.3,4.6,307.9,167,true
662,91,7,WP-0091-11,289.5,1.5,291.0,42,true
663,91,7,WP-0091-12,324.6,6.5,331.1,56,true
664,92,8,WP-0092-01,143.1,7.7,150.8,176,true
665,92,8,WP-0092-02,159.0,4.2,163.2,153,true
666,93,1,WP-0093-01,472.4,3.9,476.3,69,true
667,93,1,WP-0093-02,376.1,2.4,378.5,74,true
668,93,1,WP-0093-03,171.9,5.3,177.2,120,true
669,94,11,WP-0094-01,315.0,5.2,320.2,157,true
670,94,11,WP-0094-02,120.1,7.5,127.6,154,true
671,94,11,WP-0094-03,427.8,3.2,431.0,139,true
672,95,1,WP-0095-01,355.6,3.9,359.5,173,true
673,95,1,WP-0095-02,416.4,4.3,420.7,108,true
674,95,1,WP-0095-03,407.7,1.4,409.1,104,true
675,95,1,WP-0095-04,184.3,0.5,184.8,109,true
676,95,1,WP-0095-05,299.8,7.4,307.2,147,true
677,95,1,WP-0095-06,129.5,2.3,131.8,141,true
678,95,1,WP-0095-07,172.2,4.8,177.0,165,true
679,95,1,WP-0095-08,443.0,2.0,445.0,79,true
680,95,1,WP-0095-09,330.7,1.7,332.4,115,true
681,96,9,WP-0096-01,266.6,2.9,269.5,68,true
682,96,9,WP-0096-02,126.1,0.4,126.5,138,true
683,96,9,WP-0096-03,175.7,0.4,176.1,127,true
684,96,9,WP-0096-04,479.2,4.1,483.3,87,true
685,96,9,WP-0096-05,300.6,6.5,307.1,69,true
686,96,9,WP-0096-06,181.1,6.2,187.3,135,true
687,96,9,WP-0096-07,321.0,3.8,324.8,47,true
688,96,9,WP-0096-08,213.4,4.1,217.5,102,true
689,96,9,WP-0096-09,251.1,6.4,257.5,136,true
690,96,9,WP-0096-10,403.0,7.6,410.6,86,true
691,96,9,WP-0096-11,305.1,4.5,309.6,49,true
692,97,3,WP-0097-01,412.3,3.0,415.3,177,true
693,97,3,WP-0097-02,434.0,0.5,434.5,56,true
694,97,3,WP-0097-03,460.2,3.4,463.6,49,true
695,97,3,WP-0097-04,226.2,2.3,228.5,157,true
696,97,3,WP-0097-05,343.5,1.3,344.8,97,true
697,97,3,WP-0097-06,199.9,1.6,201.5,60,true
698,97,3,WP-0097-07,325.6,4.0,329.6,149,true
699,97,3,WP-0097-08,383.8,4.0,387.8,87,true
700,97,3,WP-0097-09,187.2,4.1,191.3,129,true
701,97,3,WP-0097-10,177.8,4.4,182.2,167,true
702,98,7,WP-0098-01,261.8,8.0,269.8,161,true
703,98,7,WP-0098-02,238.9,7.5,246.4,106,true
704,98,7,WP-0098-03,165.6,1.6,167.2,166,true
705,98,7,WP-0098-04,460.2,7.3,467.5,67,true
706,98,7,WP-0098-05,128.5,2.8,131.3,59,true
707,98,7,WP-0098-06,270.8,4.6,275.4,145,true
708,98,7,WP-0098-07,250.4,0.3,250.7,52,true
709,98,7,WP-0098-08,299.4,3.3,302.7,167,true
710,99,5,WP-0099-01,205.7,1.5,207.2,94,true
711,99,5,WP-0099-02,330.4,0.3,330.7,120,true
712,99,5,WP-0099-03,211.3,3.1,214.4,109,true
713,99,5,WP-0099-04,413.7,4.1,417.8,129,true
714,99,5,WP-0099-05,252.5,0.4,252.9,42,true
715,99,5,WP-0099-06,401.2,7.8,409.0,137,true
716,99,5,WP-0099-07,280.5,4.6,285.1,154,true
717,99,5,WP-0099-08,408.2,1.1,409.3,45,true
718,99,5,WP-0099-09,156.6,1.1,157.7,55,true
719,99,5,WP-0099-10,477.9,7.5,485.4,140,true
720,99,5,WP-0099-11,222.6,4.1,226.7,142,true
721,99,5,WP-0099-12,439.2,3.7,442.9,116,true
722,100,9,WP-0100-01,187.2,5.7,192.9,85,true
723,100,9,WP-0100-02,434.9,1.4,436.3,153,true
724,100,9,WP-0100-03,272.5,2.1,274.6,69,true
725,100,9,WP-0100-04,246.0,5.5,251.5,145,true
726,101,7,WP-0101-01,255.9,2.2,258.1,143,true
727,101,7,WP-0101-02,423.3,4.7,428.0,50,true
728,101,7,WP-0101-03,361.1,2.6,363.7,59,true
729,101,7,WP-0101-04,462.5,6.3,468.8,119,true
730,101,7,WP-0101-05,404.4,5.0,409.4,133,true
731,101,7,WP-0101-06,470.6,6.0,476.6,123,true
732,102,3,WP-0102-01,352.8,5.0,357.8,70,true
733,102,3,WP-0102-02,292.2,4.1,296.3,108,true
734,102,3,WP-0102-03,291.0,7.0,298.0,106,true
735,102,3,WP-0102-04,376.9,3.0,379.9,180,true
736,102,3,WP-0102-05,355.4,7.0,362.4,164,true
737,102,3,WP-0102-06,459.6,0.7,460.3,108,true
738,102,3,WP-0102-07,309.3,3.7,313.0,81,true
739,102,3,WP-0102-08,338.5,7.9,346.4,87,true
740,102,3,WP-0102-09,475.3,5.0,480.3,84,true
741,103,8,WP-0103-01,402.7,5.0,407.7,156,true
742,103,8,WP-0103-02,170.1,5.7,175.8,154,true
743,103,8,WP-0103-03,282.5,1.9,284.4,90,true
744,103,8,WP-0103-04,280.4,3.7,284.1,53,true
745,103,8,WP-0103-05,384.3,6.1,390.4,103,true
746,103,8,WP-0103-06,318.2,2.0,320.2,100,true
747,103,8,WP-0103-07,409.4,3.4,412.8,86,true
748,104,10,WP-0104-01,244.2,4.2,248.4,66,true
749,104,10,WP-0104-02,249.2,4.2,253.4,43,true
750,104,10,WP-0104-03,433.6,4.8,438.4,149,true
751,104,10,WP-0104-04,230.1,7.3,237.4,173,true
752,105,6,WP-0105-01,479.1,6.3,485.4,140,true
753,105,6,WP-0105-02,371.8,3.9,375.7,143,true
754,105,6,WP-0105-03,380.0,3.6,383.6,61,true
755,105,6,WP-0105-04,251.7,4.0,255.7,132,true
756,106,1,WP-0106-01,325.0,7.4,332.4,170,true
757,106,1,WP-0106-02,323.4,5.2,328.6,100,true
758,106,1,WP-0106-03,142.5,4.4,146.9,132,true
759,106,1,WP-0106-04,312.2,3.3,315.5,59,true
760,106,1,WP-0106-05,267.5,6.6,274.1,122,true
761,106,1,WP-0106-06,144.3,1.2,145.5,161,true
762,106,1,WP-0106-07,469.3,6.5,475.8,132,true
763,106,1,WP-0106-08,414.4,1.6,416.0,63,true
764,107,10,WP-0107-01,274.1,6.9,281.0,90,true
765,107,10,WP-0107-02,451.4,3.4,454.8,85,true
766,107,10,WP-0107-03,289.6,5.3,294.9,53,true
767,107,10,WP-0107-04,201.0,0.6,201.6,169,true
768,107,10,WP-0107-05,272.5,2.1,274.6,171,true
769,107,10,WP-0107-06,264.5,7.2,271.7,68,true
770,108,6,WP-0108-01,384.6,7.9,392.5,50,true
771,108,6,WP-0108-02,478.6,6.6,485.2,117,true
772,108,6,WP-0108-03,371.1,7.2,378.3,70,true
773,108,6,WP-0108-04,313.4,6.3,319.7,136,true
774,108,6,WP-0108-05,294.0,1.4,295.4,53,true
775,109,5,WP-0109-01,169.5,1.0,170.5,88,true
776,109,5,WP-0109-02,200.2,7.0,207.2,102,true
777,109,5,WP-0109-03,364.7,1.4,366.1,143,true
778,109,5,WP-0109-04,378.4,3.5,381.9,135,true
779,109,5,WP-0109-05,367.1,1.8,368.9,101,true
780,109,5,WP-0109-06,469.0,3.2,472.2,127,true
781,109,5,WP-0109-07,129.1,1.7,130.8,141,true
782,109,5,WP-0109-08,282.2,7.9,290.1,43,true
783,110,5,WP-0110-01,267.1,7.9,275.0,71,true
784,111,4,WP-0111-01,130.3,4.6,134.9,128,true
785,111,4,WP-0111-02,464.6,5.3,469.9,136,true
786,111,4,WP-0111-03,337.5,5.6,343.1,100,true
787,112,9,WP-0112-01,319.4,4.7,324.1,136,true
788,112,9,WP-0112-02,351.0,0.2,351.2,174,true
789,112,9,WP-0112-03,317.0,0.7,317.7,129,true
790,112,9,WP-0112-04,337.5,5.6,343.1,76,true
791,112,9,WP-0112-05,449.3,2.2,451.5,104,true
792,112,9,WP-0112-06,257.3,3.4,260.7,172,true
793,112,9,WP-0112-07,255.8,6.2,262.0,48,true
794,112,9,WP-0112-08,230.2,7.3,237.5,165,true
795,113,5,WP-0113-01,179.4,4.3,183.7,49,true
796,113,5,WP-0113-02,145.8,7.8,153.6,139,true
797,113,5,WP-0113-03,156.5,5.0,161.5,110,true
798,113,5,WP-0113-04,347.9,1.8,349.7,161,true
799,113,5,WP-0113-05,457.2,3.1,460.3,63,true
800,113,5,WP-0113-06,381.5,6.1,387.6,114,true
801,113,5,WP-0113-07,159.8,7.3,167.1,141,true
802,113,5,WP-0113-08,162.3,1.9,164.2,161,true
803,113,5,WP-0113-09,282.0,3.5,285.5,93,true
804,113,5,WP-0113-10,320.6,2.4,323.0,173,true
805,113,5,WP-0113-11,261.3,3.8,265.1,89,true
806,114,3,WP-0114-01,198.6,1.1,199.7,125,true
807,114,3,WP-0114-02,248.2,1.7,249.9,154,true
808,114,3,WP-0114-03,231.2,2.6,233.8,80,true
809,114,3,WP-0114-04,421.2,6.5,427.7,116,true
810,114,3,WP-0114-05,231.0,2.7,233.7,57,true
811,114,3,WP-0114-06,411.0,5.7,416.7,86,true
812,114,3,WP-0114-07,199.6,6.5,206.1,67,true
813,114,3,WP-0114-08,421.7,7.0,428.7,100,true
814,114,3,WP-0114-09,449.5,7.5,457.0,82,true
815,114,3,WP-0114-10,327.2,5.7,332.9,96,true
816,114,3,WP-0114-11,141.9,4.8,146.7,97,true
817,115,12,WP-0115-01,319.2,0.3,319.5,89,true
818,115,12,WP-0115-02,284.7,2.9,287.6,45,true
819,115,12,WP-0115-03,318.1,4.9,323.0,153,true
820,115,12,WP-0115-04,320.9,2.9,323.8,85,true
821,115,12,WP-0115-05,370.7,0.4,371.1,148,true
822,116,9,WP-0116-01,223.9,1.4,225.3,100,true
823,116,9,WP-0116-02,442.4,2.4,444.8,88,true
824,116,9,WP-0116-03,155.2,5.9,161.1,154,true
825,116,9,WP-0116-04,458.8,5.7,464.5,100,true
826,116,9,WP-0116-05,401.4,0.6,402.0,111,true
827,116,9,WP-0116-06,270.3,6.8,277.1,177,true
828,116,9,WP-0116-07,283.9,6.0,289.9,88,true
829,116,9,WP-0116-08,190.5,0.8,191.3,113,true
830,116,9,WP-0116-09,174.0,3.8,177.8,82,true
831,117,12,WP-0117-01,265.4,3.7,269.1,170,true
832,117,12,WP-0117-02,399.7,0.9,400.6,163,true
833,117,12,WP-0117-03,238.5,5.4,243.9,46,true
834,117,12,WP-0117-04,147.7,6.2,153.9,63,true
835,117,12,WP-0117-05,203.2,2.8,206.0,168,true
836,117,12,WP-0117-06,146.0,0.8,146.8,138,true
837,117,12,WP-0117-07,478.2,4.6,482.8,87,true
838,117,12,WP-0117-08,327.8,7.9,335.7,58,true
839,117,12,WP-0117-09,140.2,6.5,146.7,98,true
840,117,12,WP-0117-10,196.7,6.4,203.1,74,true
841,118,8,WP-0118-01,288.5,4.9,293.4,49,true
842,118,8,WP-0118-02,404.1,5.8,409.9,147,true
843,118,8,WP-0118-03,295.9,4.7,300.6,61,true
844,118,8,WP-0118-04,350.8,7.8,358.6,40,true
845,118,8,WP-0118-05,411.2,1.7,412.9,75,true
846,118,8,WP-0118-06,224.3,1.9,226.2,59,true
847,118,8,WP-0118-07,388.8,6.2,395.0,176,true
848,119,3,WP-0119-01,148.3,6.5,154.8,91,true
849,119,3,WP-0119-02,192.2,3.5,195.7,130,true
850,119,3,WP-0119-03,255.5,0.6,256.1,112,true
851,119,3,WP-0119-04,225.8,6.9,232.7,84,true
852,119,3,WP-0119-05,274.3,3.3,277.6,105,true
853,119,3,WP-0119-06,462.2,3.6,465.8,172,true
854,119,3,WP-0119-07,248.9,0.3,249.2,47,true
855,119,3,WP-0119-08,315.9,2.4,318.3,63,true
856,119,3,WP-0119-09,195.9,6.3,202.2,56,true
857,120,2,WP-0120-01,414.8,2.3,417.1,49,true
858,120,2,WP-0120-02,184.9,2.5,187.4,108,true
859,120,2,WP-0120-03,248.0,1.5,249.5,154,true
860,120,2,WP-0120-04,249.9,2.2,252.1,169,true
861,120,2,WP-0120-05,388.1,3.5,391.6,176,true
862,120,2,WP-0120-06,386.1,4.3,390.4,131,true
863,120,2,WP-0120-07,447.1,2.0,449.1,160,true
864,120,2,WP-0120-08,371.7,3.5,375.2,128,true
865,120,2,WP-0120-09,179.6,7.1,186.7,61,true
866,120,2,WP-0120-10,440.3,3.6,443.9,144,true
867,120,2,WP-0120-11,256.5,4.4,260.9,107,true
868,120,2,WP-0120-12,339.0,7.1,346.1,169,true
869,121,4,WP-0121-01,435.6,6.4,442.0,174,true
870,121,4,WP-0121-02,188.8,2.9,191.7,68,true
871,121,4,WP-0121-03,173.9,3.2,177.1,156,true
872,121,4,WP-0121-04,344.5,4.5,349.0,161,true
873,121,4,WP-0121-05,281.4,7.8,289.2,115,true
874,121,4,WP-0121-06,131.6,2.1,133.7,124,true
875,121,4,WP-0121-07,438.1,1.5,439.6,177,true
876,121,4,WP-0121-08,289.9,0.4,290.3,90,true
877,122,10,WP-0122-01,465.8,6.2,472.0,68,true
878,123,7,WP-0123-01,287.3,2.8,290.1,75,true
879,124,8,WP-0124-01,381.7,2.8,384.5,152,true
880,124,8,WP-0124-02,324.4,3.0,327.4,136,true
881,124,8,WP-0124-03,440.3,1.8,442.1,99,true
882,124,8,WP-0124-04,403.7,4.7,408.4,84,true
883,124,8,WP-0124-05,228.8,2.6,231.4,41,true
884,124,8,WP-0124-06,156.5,2.3,158.8,171,true
885,124,8,WP-0124-07,320.0,3.3,323.3,150,true
886,124,8,WP-0124-08,220.1,4.8,224.9,79,true
887,124,8,WP-0124-09,432.6,7.8,440.4,100,true
888,125,6,WP-0125-01,251.1,2.8,253.9,45,true
889,125,6,WP-0125-02,395.0,7.6,402.6,98,true
890,125,6,WP-0125-03,342.0,1.0,343.0,55,true
891,125,6,WP-0125-04,211.2,0.5,211.7,126,true
892,125,6,WP-0125-05,438.2,1.4,439.6,99,true
893,125,6,WP-0125-06,254.1,3.3,257.4,41,true
894,126,9,WP-0126-01,235.3,4.5,239.8,47,true
895,126,9,WP-0126-02,209.0,0.5,209.5,51,true
896,126,9,WP-0126-03,467.7,1.7,469.4,109,true
897,126,9,WP-0126-04,155.9,0.3,156.2,79,true
898,126,9,WP-0126-05,323.2,5.4,328.6,80,true
899,126,9,WP-0126-06,400.1,6.2,406.3,93,true
900,126,9,WP-0126-07,220.1,3.5,223.6,97,true
901,126,9,WP-0126-08,163.6,3.0,166.6,172,true
902,126,9,WP-0126-09,283.5,6.5,290.0,120,true
903,126,9,WP-0126-10,269.1,6.8,275.9,134,true
904,127,11,WP-0127-01,398.9,1.2,400.1,172,true
905,127,11,WP-0127-02,354.7,2.5,357.2,45,true
906,127,11,WP-0127-03,439.7,4.3,444.0,54,true
907,127,11,WP-0127-04,344.7,3.8,348.5,124,true
908,127,11,WP-0127-05,197.7,1.1,198.8,84,true
909,127,11,WP-0127-06,175.1,4.3,179.4,100,true
910,127,11,WP-0127-07,309.1,6.1,315.2,175,true
911,127,11,WP-0127-08,323.2,0.2,323.4,135,true
912,127,11,WP-0127-09,248.0,1.1,249.1,58,true
913,127,11,WP-0127-10,209.3,7.6,216.9,52,true
914,128,7,WP-0128-01,166.9,3.7,170.6,88,true
915,128,7,WP-0128-02,459.1,5.6,464.7,151,true
916,128,7,WP-0128-03,234.7,4.1,238.8,42,true
917,128,7,WP-0128-04,420.6,3.4,424.0,94,true
918,128,7,WP-0128-05,124.3,3.7,128.0,133,true
919,128,7,WP-0128-06,476.5,1.0,477.5,76,true
920,128,7,WP-0128-07,216.0,7.0,223.0,61,true
921,128,7,WP-0128-08,403.9,6.7,410.6,49,true
922,129,12,WP-0129-01,438.8,8.0,446.8,138,true
923,129,12,WP-0129-02,242.0,7.9,249.9,126,true
924,129,12,WP-0129-03,216.2,0.4,216.6,52,true
925,129,12,WP-0129-04,375.6,6.8,382.4,78,true
926,129,12,WP-0129-05,264.6,5.0,269.6,53,true
927,129,12,WP-0129-06,149.6,5.9,155.5,99,true
928,129,12,WP-0129-07,149.3,1.0,150.3,48,true
929,129,12,WP-0129-08,285.5,8.0,293.5,154,true
930,129,12,WP-0129-09,165.9,4.9,170.8,40,true
931,129,12,WP-0129-10,284.3,2.5,286.8,177,true
932,129,12,WP-0129-11,432.5,4.3,436.8,93,true
933,129,12,WP-0129-12,123.9,4.7,128.6,61,true
934,130,11,WP-0130-01,241.9,1.3,243.2,88,true
935,130,11,WP-0130-02,430.2,4.2,434.4,162,true
936,130,11,WP-0130-03,375.9,3.8,379.7,162,true
937,130,11,WP-0130-04,424.5,1.8,426.3,173,true
938,130,11,WP-0130-05,307.1,6.4,313.5,146,true
939,130,11,WP-0130-06,226.6,7.5,234.1,102,true
940,130,11,WP-0130-07,193.7,5.9,199.6,123,true
941,130,11,WP-0130-08,427.9,1.2,429.1,122,true
942,130,11,WP-0130-09,221.7,7.7,229.4,43,true
943,130,11,WP-0130-10,335.9,2.8,338.7,110,true
944,130,11,WP-0130-11,180.9,3.9,184.8,48,true
945,131,1,WP-0131-01,179.8,1.1,180.9,75,true
946,131,1,WP-0131-02,164.4,2.1,166.5,163,true
947,131,1,WP-0131-03,470.8,6.5,477.3,154,true
948,131,1,WP-0131-04,263.0,3.3,266.3,102,true
949,131,1,WP-0131-05,441.7,4.5,446.2,51,true
950,131,1,WP-0131-06,194.8,4.4,199.2,44,true
951,131,1,WP-0131-07,266.7,6.9,273.6,78,true
952,131,1,WP-0131-08,160.9,0.4,161.3,104,true
953,131,1,WP-0131-09,337.2,3.1,340.3,81,true
954,131,1,WP-0131-10,453.5,5.4,458.9,66,true
955,131,1,WP-0131-11,175.8,3.0,178.8,78,true
956,131,1,WP-0131-12,211.0,7.9,218.9,133,true
957,132,10,WP-0132-01,207.6,6.0,213.6,45,true
958,132,10,WP-0132-02,275.3,1.9,277.2,163,true
959,132,10,WP-0132-03,266.9,3.3,270.2,154,true
960,132,10,WP-0132-04,193.8,3.0,196.8,74,true
961,132,10,WP-0132-05,447.6,4.4,452.0,43,true
962,132,10,WP-0132-06,193.9,7.3,201.2,142,true
963,132,10,WP-0132-07,309.6,4.0,313.6,40,true
964,132,10,WP-0132-08,307.3,1.0,308.3,79,true
965,132,10,WP-0132-09,319.8,5.8,325.6,172,true
966,132,10,WP-0132-10,418.1,3.7,421.8,120,true
967,132,10,WP-0132-11,451.0,1.4,452.4,174,true
968,133,7,WP-0133-01,323.4,7.1,330.5,126,true
969,133,7,WP-0133-02,383.1,7.0,390.1,77,true
970,133,7,WP-0133-03,391.8,3.9,395.7,147,true
971,133,7,WP-0133-04,168.7,4.9,173.6,99,true
972,133,7,WP-0133-05,194.3,1.9,196.2,115,true
973,133,7,WP-0133-06,299.7,2.0,301.7,80,true
974,133,7,WP-0133-07,154.4,1.7,156.1,75,true
975,133,7,WP-0133-08,199.5,5.0,204.5,130,true
976,133,7,WP-0133-09,244.8,1.1,245.9,93,true
977,133,7,WP-0133-10,137.0,7.9,144.9,124,true
978,134,2,WP-0134-01,343.1,2.3,345.4,137,true
979,134,2,WP-0134-02,396.6,1.4,398.0,55,true
980,134,2,WP-0134-03,287.6,2.1,289.7,175,true
981,134,2,WP-0134-04,212.2,6.3,218.5,71,true
982,135,4,WP-0135-01,417.6,3.3,420.9,47,true
983,135,4,WP-0135-02,457.5,4.8,462.3,44,true
984,135,4,WP-0135-03,212.2,4.3,216.5,107,true
985,135,4,WP-0135-04,409.4,4.8,414.2,88,true
986,135,4,WP-0135-05,452.2,5.9,458.1,79,true
987,135,4,WP-0135-06,443.8,6.6,450.4,40,true
988,135,4,WP-0135-07,429.3,5.4,434.7,170,true
989,136,6,WP-0136-01,404.5,6.0,410.5,55,true
990,136,6,WP-0136-02,277.7,0.9,278.6,151,true
991,136,6,WP-0136-03,382.1,7.4,389.5,120,true
992,137,4,WP-0137-01,235.3,1.4,236.7,114,true
993,137,4,WP-0137-02,159.6,7.4,167.0,122,true
994,137,4,WP-0137-03,440.8,6.2,447.0,64,true
995,137,4,WP-0137-04,172.5,7.9,180.4,153,true
996,137,4,WP-0137-05,378.5,6.4,384.9,155,true
997,137,4,WP-0137-06,315.0,7.4,322.4,163,true
998,137,4,WP-0137-07,435.3,1.5,436.8,176,true
999,137,4,WP-0137-08,428.7,5.6,434.3,169,true
1000,137,4,WP-0137-09,472.6,4.5,477.1,125,true
1001,137,4,WP-0137-10,261.0,6.8,267.8,63,true
1002,137,4,WP-0137-11,298.0,6.1,304.1,96,true
1003,137,4,WP-0137-12,140.2,7.7,147.9,80,true
1004,138,8,WP-0138-01,140.8,5.3,146.1,174,true
1005,138,8,WP-0138-02,371.0,6.6,377.6,165,true
1006,138,8,WP-0138-03,443.8,0.9,444.7,80,true
1007,138,8,WP-0138-04,122.3,6.5,128.8,47,true
1008,138,8,WP-0138-05,153.4,4.2,157.6,145,true
1009,138,8,WP-0138-06,231.7,6.9,238.6,89,true
1010,138,8,WP-0138-07,398.9,0.4,399.3,169,true
1011,138,8,WP-0138-08,126.8,6.8,133.6,153,true
1012,139,4,WP-0139-01,407.9,5.7,413.6,151,true
1013,139,4,WP-0139-02,165.5,4.8,170.3,49,true
1014,139,4,WP-0139-03,301.3,1.8,303.1,127,true
1015,139,4,WP-0139-04,168.9,1.6,170.5,81,true
1016,139,4,WP-0139-05,178.5,7.6,186.1,51,true
1017,139,4,WP-0139-06,169.3,0.5,169.8,98,true
1018,139,4,WP-0139-07,189.0,1.3,190.3,112,true
1019,139,4,WP-0139-08,386.0,2.1,388.1,44,true
1020,139,4,WP-0139-09,347.6,5.8,353.4,42,true
1021,139,4,WP-0139-10,472.9,4.0,476.9,136,true
1022,139,4,WP-0139-11,393.2,2.1,395.3,176,true
1023,139,4,WP-0139-12,306.4,3.6,310.0,158,true
1024,140,4,WP-0140-01,167.5,8.0,175.5,60,true
1025,140,4,WP-0140-02,282.0,6.5,288.5,141,true
1026,140,4,WP-0140-03,393.2,2.7,395.9,40,true
1027,140,4,WP-0140-04,462.2,7.9,470.1,166,true
1028,140,4,WP-0140-05,313.5,2.2,315.7,180,true
1029,140,4,WP-0140-06,234.8,5.4,240.2,104,true
1030,140,4,WP-0140-07,221.4,1.5,222.9,62,true
1031,140,4,WP-0140-08,413.7,4.0,417.7,55,true
1032,140,4,WP-0140-09,123.2,7.4,130.6,94,true
1033,140,4,WP-0140-10,325.1,7.0,332.1,165,true
1034,140,4,WP-0140-11,308.6,2.4,311.0,103,true
1035,141,2,WP-0141-01,209.1,1.9,211.0,170,true
1036,141,2,WP-0141-02,412.9,7.4,420.3,178,true
1037,141,2,WP-0141-03,170.4,4.0,174.4,70,true
1038,141,2,WP-0141-04,326.6,3.1,329.7,168,true
1039,141,2,WP-0141-05,278.1,1.9,280.0,61,true
1040,141,2,WP-0141-06,313.9,7.9,321.8,40,true
1041,141,2,WP-0141-07,274.4,6.7,281.1,40,true
1042,141,2,WP-0141-08,299.1,6.3,305.4,169,true
1043,141,2,WP-0141-09,391.4,5.3,396.7,133,true
1044,142,3,WP-0142-01,141.1,1.2,142.3,142,true
1045,142,3,WP-0142-02,465.1,4.5,469.6,165,true
1046,142,3,WP-0142-03,206.2,6.7,212.9,134,true
1047,142,3,WP-0142-04,460.6,0.3,460.9,49,true
1048,142,3,WP-0142-05,143.0,4.2,147.2,88,true
1049,142,3,WP-0142-06,465.8,6.4,472.2,87,true
1050,142,3,WP-0142-07,412.4,1.0,413.4,42,true
1051,142,3,WP-0142-08,373.7,0.9,374.6,55,true
1052,142,3,WP-0142-09,184.6,1.3,185.9,86,true
1053,142,3,WP-0142-10,307.8,1.4,309.2,118,true
1054,143,3,WP-0143-01,398.0,4.8,402.8,78,true
1055,143,3,WP-0143-02,361.1,1.2,362.3,121,true
1056,143,3,WP-0143-03,394.7,3.9,398.6,92,true
1057,143,3,WP-0143-04,299.8,5.1,304.9,78,true
1058,143,3,WP-0143-05,265.2,7.1,272.3,82,true
1059,143,3,WP-0143-06,121.3,5.2,126.5,118,true
1060,143,3,WP-0143-07,162.8,3.1,165.9,178,true
1061,144,2,WP-0144-01,341.4,7.8,349.2,97,true
1062,144,2,WP-0144-02,428.9,6.5,435.4,139,true
1063,144,2,WP-0144-03,470.9,4.8,475.7,81,true
1064,144,2,WP-0144-04,448.0,1.4,449.4,108,true
1065,144,2,WP-0144-05,467.2,7.8,475.0,108,true
1066,144,2,WP-0144-06,149.3,5.4,154.7,132,true
1067,144,2,WP-0144-07,419.3,7.8,427.1,104,true
1068,144,2,WP-0144-08,282.4,0.2,282.6,44,true
1069,145,12,WP-0145-01,216.7,0.6,217.3,125,true
1070,145,12,WP-0145-02,277.3,6.2,283.5,134,true
1071,145,12,WP-0145-03,439.2,1.6,440.8,110,true
1072,145,12,WP-0145-04,320.2,3.1,323.3,40,true
1073,145,12,WP-0145-05,183.2,6.1,189.3,171,true
1074,145,12,WP-0145-06,268.4,4.6,273.0,117,true
1075,145,12,WP-0145-07,413.2,0.8,414.0,148,true
1076,145,12,WP-0145-08,377.4,0.8,378.2,75,true
1077,145,12,WP-0145-09,455.9,5.0,460.9,77,true
1078,146,5,WP-0146-01,294.6,0.6,295.2,168,true
1079,146,5,WP-0146-02,454.1,3.1,457.2,157,true
1080,146,5,WP-0146-03,417.2,6.5,423.7,125,true
1081,146,5,WP-0146-04,208.3,6.3,214.6,147,true
1082,146,5,WP-0146-05,309.6,3.4,313.0,73,true
1083,146,5,WP-0146-06,336.0,3.2,339.2,133,true
1084,146,5,WP-0146-07,463.7,3.5,467.2,91,true
1085,147,10,WP-0147-01,363.3,1.9,365.2,174,true
1086,147,10,WP-0147-02,267.3,2.7,270.0,125,true
1087,147,10,WP-0147-03,353.8,7.3,361.1,162,true
1088,147,10,WP-0147-04,260.1,7.9,268.0,63,true
1089,147,10,WP-0147-05,263.1,5.9,269.0,50,true
1090,147,10,WP-0147-06,279.7,1.0,280.7,159,true
1091,147,10,WP-0147-07,400.1,3.3,403.4,122,true
1092,147,10,WP-0147-08,219.9,4.4,224.3,73,true
1093,148,5,WP-0148-01,144.5,4.4,148.9,80,true
1094,148,5,WP-0148-02,127.9,6.3,134.2,167,true
1095,148,5,WP-0148-03,287.6,3.3,290.9,68,true
1096,148,5,WP-0148-04,388.2,7.2,395.4,130,true
1097,148,5,WP-0148-05,340.2,0.9,341.1,154,true
1098,149,2,WP-0149-01,425.3,2.6,427.9,110,true
1099,149,2,WP-0149-02,276.3,5.7,282.0,115,true
1100,149,2,WP-0149-03,199.5,4.6,204.1,139,true
1101,149,2,WP-0149-04,228.8,1.9,230.7,92,true
1102,149,2,WP-0149-05,154.4,5.6,160.0,102,true
1103,149,2,WP-0149-06,346.3,6.0,352.3,117,true
1104,150,2,WP-0150-01,313.1,6.1,319.2,121,true
1105,150,2,WP-0150-02,136.4,4.3,140.7,176,true
1106,150,2,WP-0150-03,195.6,3.9,199.5,55,true
1107,150,2,WP-0150-04,347.4,5.1,352.5,168,true
1108,150,2,WP-0150-05,234.4,6.5,240.9,69,true
1109,150,2,WP-0150-06,467.9,3.8,471.7,78,true
1110,150,2,WP-0150-07,420.9,7.7,428.6,48,true
1111,150,2,WP-0150-08,405.0,5.3,410.3,81,true
1112,151,4,WP-0151-01,205.8,5.4,211.2,179,true
1113,151,4,WP-0151-02,159.4,4.4,163.8,45,true
1114,151,4,WP-0151-03,174.2,2.1,176.3,141,true
1115,151,4,WP-0151-04,191.5,7.9,199.4,131,true
1116,151,4,WP-0151-05,207.0,7.5,214.5,147,true
1117,151,4,WP-0151-06,323.2,4.7,327.9,93,true
1118,151,4,WP-0151-07,457.0,4.3,461.3,109,true
1119,152,1,WP-0152-01,331.8,7.0,338.8,108,true
1120,152,1,WP-0152-02,318.5,2.3,320.8,106,true
1121,152,1,WP-0152-03,438.8,1.0,439.8,115,true
1122,152,1,WP-0152-04,366.7,3.6,370.3,100,true
1123,152,1,WP-0152-05,297.4,3.6,301.0,122,true
1124,152,1,WP-0152-06,258.1,4.9,263.0,72,true
1125,152,1,WP-0152-07,170.6,5.5,176.1,61,true
1126,152,1,WP-0152-08,123.5,5.5,129.0,132,true
1127,152,1,WP-0152-09,243.5,3.2,246.7,78,true
1128,152,1,WP-0152-10,135.9,4.2,140.1,40,true
1129,152,1,WP-0152-11,249.5,0.8,250.3,176,true
1130,152,1,WP-0152-12,426.9,2.2,429.1,98,true
1131,153,2,WP-0153-01,254.7,7.8,262.5,43,true
1132,153,2,WP-0153-02,416.8,0.9,417.7,102,true
1133,153,2,WP-0153-03,474.5,2.4,476.9,63,true
1134,153,2,WP-0153-04,476.2,0.2,476.4,103,true
1135,153,2,WP-0153-05,365.5,2.7,368.2,149,true
1136,153,2,WP-0153-06,310.5,1.4,311.9,180,true
1137,153,2,WP-0153-07,466.6,3.8,470.4,78,true
1138,153,2,WP-0153-08,256.1,2.3,258.4,93,true
1139,153,2,WP-0153-09,449.5,7.3,456.8,149,true
1140,154,9,WP-0154-01,449.5,4.7,454.2,110,true
1141,154,9,WP-0154-02,431.7,1.5,433.2,74,true
1142,154,9,WP-0154-03,256.8,1.5,258.3,86,true
1143,154,9,WP-0154-04,359.6,1.8,361.4,87,true
1144,154,9,WP-0154-05,411.0,6.1,417.1,168,true
1145,154,9,WP-0154-06,270.6,4.6,275.2,161,true
1146,154,9,WP-0154-07,442.2,0.6,442.8,164,true
1147,154,9,WP-0154-08,171.2,3.3,174.5,71,true
1148,155,12,WP-0155-01,162.5,5.2,167.7,97,true
1149,155,12,WP-0155-02,142.1,6.7,148.8,64,true
1150,155,12,WP-0155-03,395.0,1.2,396.2,67,true
1151,155,12,WP-0155-04,217.6,4.0,221.6,156,true
1152,155,12,WP-0155-05,396.2,6.0,402.2,160,true
1153,156,3,WP-0156-01,189.2,3.4,192.6,47,true
1154,156,3,WP-0156-02,361.5,7.2,368.7,155,true
1155,156,3,WP-0156-03,289.2,6.3,295.5,114,true
1156,156,3,WP-0156-04,336.8,6.4,343.2,121,true
1157,156,3,WP-0156-05,178.2,1.8,180.0,41,true
1158,156,3,WP-0156-06,392.8,4.5,397.3,148,true
1159,156,3,WP-0156-07,401.0,3.4,404.4,88,true
1160,156,3,WP-0156-08,334.3,1.0,335.3,59,true
1161,156,3,WP-0156-09,182.2,2.2,184.4,55,true
1162,156,3,WP-0156-10,430.4,7.3,437.7,128,true
1163,157,8,WP-0157-01,388.5,5.0,393.5,83,true
1164,157,8,WP-0157-02,310.5,5.6,316.1,162,true
1165,157,8,WP-0157-03,336.1,4.9,341.0,140,true
1166,157,8,WP-0157-04,416.5,0.9,417.4,154,true
1167,157,8,WP-0157-05,381.5,3.3,384.8,162,true
1168,157,8,WP-0157-06,146.4,7.0,153.4,150,true
1169,157,8,WP-0157-07,177.1,4.5,181.6,79,true
1170,157,8,WP-0157-08,460.1,5.7,465.8,68,true
1171,157,8,WP-0157-09,198.4,6.2,204.6,89,true
1172,158,10,WP-0158-01,206.5,7.9,214.4,97,true
1173,158,10,WP-0158-02,206.9,5.3,212.2,69,true
1174,159,12,WP-0159-01,187.0,7.4,194.4,43,true
1175,159,12,WP-0159-02,347.3,5.3,352.6,170,true
1176,159,12,WP-0159-03,250.1,7.7,257.8,112,true
1177,159,12,WP-0159-04,329.1,7.5,336.6,144,true
1178,160,10,WP-0160-01,456.5,5.2,461.7,118,true
1179,160,10,WP-0160-02,323.6,7.6,331.2,107,true
1180,160,10,WP-0160-03,327.3,0.3,327.6,41,true
1181,160,10,WP-0160-04,173.4,5.4,178.8,79,true
1182,161,4,WP-0161-01,395.0,0.6,395.6,160,true
1183,161,4,WP-0161-02,344.5,7.6,352.1,106,true
1184,161,4,WP-0161-03,172.0,1.5,173.5,86,true
1185,161,4,WP-0161-04,375.6,3.9,379.5,152,true
1186,161,4,WP-0161-05,269.6,1.9,271.5,156,true
1187,161,4,WP-0161-06,241.7,7.6,249.3,170,true
1188,161,4,WP-0161-07,306.8,7.0,313.8,105,true
1189,162,11,WP-0162-01,428.8,2.3,431.1,131,true
1190,162,11,WP-0162-02,407.9,1.4,409.3,146,true
1191,163,5,WP-0163-01,126.3,4.2,130.5,170,true
1192,163,5,WP-0163-02,449.2,1.2,450.4,145,true
1193,163,5,WP-0163-03,300.8,6.8,307.6,66,true
1194,163,5,WP-0163-04,339.8,6.8,346.6,176,true
1195,163,5,WP-0163-05,377.6,6.4,384.0,146,true
1196,163,5,WP-0163-06,338.3,2.2,340.5,93,true
1197,163,5,WP-0163-07,296.3,4.5,300.8,132,true
1198,163,5,WP-0163-08,476.9,2.2,479.1,43,true
1199,163,5,WP-0163-09,219.9,7.4,227.3,66,true
1200,164,9,WP-0164-01,351.5,5.3,356.8,75,true
1201,164,9,WP-0164-02,130.7,0.9,131.6,61,true
1202,164,9,WP-0164-03,346.1,1.6,347.7,119,true
1203,164,9,WP-0164-04,168.0,4.0,172.0,100,true
1204,164,9,WP-0164-05,155.4,5.7,161.1,46,true
1205,164,9,WP-0164-06,293.6,6.5,300.1,149,true
1206,164,9,WP-0164-07,363.3,6.6,369.9,155,true
1207,165,1,WP-0165-01,190.9,1.8,192.7,59,true
1208,165,1,WP-0165-02,411.8,2.4,414.2,177,true
1209,165,1,WP-0165-03,269.9,2.0,271.9,135,true
1210,165,1,WP-0165-04,203.3,6.8,210.1,75,true
1211,165,1,WP-0165-05,267.0,7.3,274.3,140,true
1212,165,1,WP-0165-06,260.5,2.6,263.1,142,true
1213,166,7,WP-0166-01,475.5,7.6,483.1,125,true
1214,166,7,WP-0166-02,402.8,0.9,403.7,119,true
1215,166,7,WP-0166-03,423.5,2.9,426.4,150,true
1216,166,7,WP-0166-04,370.5,4.2,374.7,107,true
1217,166,7,WP-0166-05,432.7,2.3,435.0,74,true
1218,166,7,WP-0166-06,352.2,2.7,354.9,123,true
1219,166,7,WP-0166-07,364.2,0.3,364.5,112,true
1220,166,7,WP-0166-08,456.7,0.3,457.0,83,true
1221,166,7,WP-0166-09,439.1,6.8,445.9,105,true
1222,167,10,WP-0167-01,223.5,6.5,230.0,61,true
1223,167,10,WP-0167-02,233.9,5.8,239.7,155,true
1224,167,10,WP-0167-03,182.8,4.6,187.4,149,true
1225,167,10,WP-0167-04,365.6,5.6,371.2,96,true
1226,167,10,WP-0167-05,430.9,4.9,435.8,73,true
1227,167,10,WP-0167-06,238.9,3.6,242.5,40,true
1228,168,8,WP-0168-01,328.8,6.4,335.2,121,true
1229,168,8,WP-0168-02,229.3,4.0,233.3,56,true
1230,168,8,WP-0168-03,180.8,5.5,186.3,168,true
1231,168,8,WP-0168-04,373.7,3.2,376.9,111,true
1232,168,8,WP-0168-05,439.4,3.0,442.4,105,true
1233,169,1,WP-0169-01,348.4,0.8,349.2,140,true
1234,169,1,WP-0169-02,379.6,6.4,386.0,103,true
1235,169,1,WP-0169-03,473.5,3.4,476.9,180,true
1236,169,1,WP-0169-04,431.9,1.3,433.2,88,true
1237,169,1,WP-0169-05,304.9,4.9,309.8,74,true
1238,169,1,WP-0169-06,268.2,2.2,270.4,138,true
1239,169,1,WP-0169-07,150.2,6.3,156.5,160,true
1240,169,1,WP-0169-08,422.4,4.9,427.3,159,true
1241,169,1,WP-0169-09,420.6,3.9,424.5,86,true
1242,169,1,WP-0169-10,237.2,5.3,242.5,119,true
1243,169,1,WP-0169-11,281.3,2.9,284.2,90,true
1244,169,1,WP-0169-12,350.1,4.6,354.7,95,true
1245,170,2,WP-0170-01,192.0,6.3,198.3,115,true
1246,170,2,WP-0170-02,330.0,4.4,334.4,173,true
1247,170,2,WP-0170-03,263.4,6.9,270.3,160,true
1248,170,2,WP-0170-04,313.2,5.7,318.9,49,true
1249,171,8,WP-0171-01,141.3,6.2,147.5,56,true
1250,171,8,WP-0171-02,207.4,1.7,209.1,91,true
1251,171,8,WP-0171-03,276.0,5.6,281.6,84,true
1252,171,8,WP-0171-04,179.8,6.3,186.1,81,true
1253,171,8,WP-0171-05,141.0,3.7,144.7,161,true
1254,171,8,WP-0171-06,278.0,6.3,284.3,81,true
1255,171,8,WP-0171-07,337.0,7.5,344.5,105,true
1256,171,8,WP-0171-08,347.7,2.6,350.3,55,true
1257,171,8,WP-0171-09,371.1,3.7,374.8,154,true
1258,171,8,WP-0171-10,226.0,5.4,231.4,145,true
1259,171,8,WP-0171-11,229.5,7.1,236.6,84,true
1260,172,3,WP-0172-01,296.3,4.5,300.8,82,true
1261,172,3,WP-0172-02,142.1,7.7,149.8,67,true
1262,172,3,WP-0172-03,354.5,1.4,355.9,98,true
1263,172,3,WP-0172-04,338.7,1.3,340.0,164,true
1264,172,3,WP-0172-05,307.1,1.4,308.5,134,true
1265,172,3,WP-0172-06,302.5,4.9,307.4,49,true
1266,173,8,WP-0173-01,127.2,6.4,133.6,138,true
1267,173,8,WP-0173-02,224.9,5.5,230.4,68,true
1268,173,8,WP-0173-03,317.6,4.6,322.2,57,true
1269,173,8,WP-0173-04,369.0,3.8,372.8,174,true
1270,173,8,WP-0173-05,465.9,4.7,470.6,43,true
1271,173,8,WP-0173-06,474.3,3.4,477.7,67,true
1272,174,2,WP-0174-01,320.7,1.7,322.4,173,true
1273,174,2,WP-0174-02,279.9,6.2,286.1,66,true
1274,174,2,WP-0174-03,150.2,4.6,154.8,102,true
1275,174,2,WP-0174-04,164.2,0.4,164.6,149,true
1276,174,2,WP-0174-05,146.5,5.9,152.4,168,true
1277,175,7,WP-0175-01,467.8,4.3,472.1,164,true
1278,175,7,WP-0175-02,156.6,3.5,160.1,73,true
1279,175,7,WP-0175-03,367.9,6.2,374.1,174,true
1280,175,7,WP-0175-04,262.9,5.7,268.6,145,true
1281,176,11,WP-0176-01,359.0,3.9,362.9,145,true
1282,176,11,WP-0176-02,282.9,5.7,288.6,43,true
1283,176,11,WP-0176-03,293.7,4.0,297.7,146,true
1284,176,11,WP-0176-04,142.8,0.6,143.4,130,true
1285,176,11,WP-0176-05,275.3,5.1,280.4,51,true
1286,176,11,WP-0176-06,162.4,4.3,166.7,80,true
1287,176,11,WP-0176-07,191.4,1.7,193.1,176,true
1288,177,5,WP-0177-01,159.9,6.1,166.0,62,true
1289,177,5,WP-0177-02,164.9,1.1,166.0,98,true
1290,177,5,WP-0177-03,230.5,7.0,237.5,178,true
1291,177,5,WP-0177-04,208.0,1.8,209.8,85,true
1292,177,5,WP-0177-05,302.5,5.6,308.1,93,true
1293,177,5,WP-0177-06,310.4,7.3,317.7,94,true
1294,177,5,WP-0177-07,341.2,4.3,345.5,93,true
1295,177,5,WP-0177-08,278.2,4.3,282.5,94,true
1296,177,5,WP-0177-09,129.0,2.2,131.2,175,true
1297,177,5,WP-0177-10,281.0,7.3,288.3,179,true
1298,178,8,WP-0178-01,467.3,3.8,471.1,42,true
1299,179,10,WP-0179-01,165.2,7.3,172.5,89,true
1300,179,10,WP-0179-02,395.1,4.8,399.9,74,true
1301,179,10,WP-0179-03,441.3,6.2,447.5,151,true
1302,179,10,WP-0179-04,164.6,0.3,164.9,74,true
1303,179,10,WP-0179-05,422.7,3.4,426.1,64,true
1304,179,10,WP-0179-06,192.7,0.8,193.5,119,true
1305,179,10,WP-0179-07,381.9,6.7,388.6,154,true
1306,180,1,WP-0180-01,474.4,0.6,475.0,82,true
1307,180,1,WP-0180-02,352.3,1.4,353.7,66,true
1308,180,1,WP-0180-03,418.8,5.6,424.4,167,true
1309,180,1,WP-0180-04,214.6,2.9,217.5,154,true
1310,180,1,WP-0180-05,353.4,4.3,357.7,83,true
1311,180,1,WP-0180-06,266.6,2.0,268.6,100,true
1312,180,1,WP-0180-07,367.0,3.0,370.0,58,true
1313,180,1,WP-0180-08,239.2,3.1,242.3,99,true
1314,180,1,WP-0180-09,169.6,6.8,176.4,156,true
1315,180,1,WP-0180-10,448.1,7.5,455.6,44,true
1316,181,2,WP-0181-01,135.4,5.4,140.8,156,true
1317,181,2,WP-0181-02,381.5,5.0,386.5,146,true
1318,181,2,WP-0181-03,270.4,4.0,274.4,129,true
1319,181,2,WP-0181-04,184.6,0.9,185.5,56,true
1320,181,2,WP-0181-05,432.8,1.1,433.9,142,true
1321,181,2,WP-0181-06,432.4,2.6,435.0,159,true
1322,181,2,WP-0181-07,350.1,2.9,353.0,172,true
1323,181,2,WP-0181-08,132.4,0.3,132.7,172,true
1324,181,2,WP-0181-09,474.8,0.9,475.7,122,true
1325,181,2,WP-0181-10,423.0,4.2,427.2,135,true
1326,181,2,WP-0181-11,431.7,2.8,434.5,87,true
1327,182,10,WP-0182-01,342.0,4.1,346.1,82,true
1328,182,10,WP-0182-02,161.3,7.6,168.9,129,true
1329,182,10,WP-0182-03,321.7,2.7,324.4,170,true
1330,182,10,WP-0182-04,129.0,1.5,130.5,157,true
1331,182,10,WP-0182-05,415.3,5.5,420.8,99,true
1332,182,10,WP-0182-06,421.7,7.6,429.3,89,true
1333,182,10,WP-0182-07,196.4,3.0,199.4,94,true
1334,182,10,WP-0182-08,266.7,2.2,268.9,127,true
1335,182,10,WP-0182-09,214.2,7.0,221.2,102,true
1336,183,2,WP-0183-01,151.7,5.1,156.8,154,true
1337,183,2,WP-0183-02,371.7,1.4,373.1,127,true
1338,183,2,WP-0183-03,466.9,1.8,468.7,180,true
1339,183,2,WP-0183-04,394.1,7.2,401.3,47,true
1340,183,2,WP-0183-05,391.6,0.5,392.1,85,true
1341,183,2,WP-0183-06,165.6,1.5,167.1,107,true
1342,183,2,WP-0183-07,230.6,7.4,238.0,158,true
1343,183,2,WP-0183-08,336.8,3.8,340.6,112,true
1344,184,8,WP-0184-01,463.7,6.5,470.2,124,true
1345,184,8,WP-0184-02,191.8,5.5,197.3,175,true
1346,184,8,WP-0184-03,122.7,3.2,125.9,176,true
1347,184,8,WP-0184-04,282.5,3.2,285.7,104,true
1348,185,7,WP-0185-01,463.0,7.1,470.1,72,true
1349,185,7,WP-0185-02,297.4,3.9,301.3,92,true
1350,185,7,WP-0185-03,459.6,3.0,462.6,138,true
1351,185,7,WP-0185-04,466.2,0.3,466.5,179,true
1352,185,7,WP-0185-05,333.1,2.5,335.6,67,true
1353,185,7,WP-0185-06,287.2,7.5,294.7,113,true
1354,185,7,WP-0185-07,140.7,3.8,144.5,58,true
1355,185,7,WP-0185-08,281.9,3.7,285.6,160,true
1356,186,4,WP-0186-01,125.2,3.1,128.3,161,true
1357,186,4,WP-0186-02,390.1,7.9,398.0,170,true
1358,186,4,WP-0186-03,372.7,4.2,376.9,123,true
1359,186,4,WP-0186-04,154.4,1.2,155.6,147,true
1360,186,4,WP-0186-05,405.5,0.7,406.2,166,true
1361,186,4,WP-0186-06,329.5,5.8,335.3,173,true
1362,187,11,WP-0187-01,248.2,3.8,252.0,96,true
1363,187,11,WP-0187-02,288.0,6.6,294.6,158,true
1364,187,11,WP-0187-03,365.4,6.8,372.2,114,true
1365,187,11,WP-0187-04,329.9,5.8,335.7,154,true
1366,187,11,WP-0187-05,413.8,8.0,421.8,76,true
1367,187,11,WP-0187-06,405.5,3.3,408.8,102,true
1368,187,11,WP-0187-07,438.4,4.5,442.9,42,true
1369,187,11,WP-0187-08,468.1,2.5,470.6,58,true
1370,188,5,WP-0188-01,317.3,5.2,322.5,172,true
1371,188,5,WP-0188-02,125.9,4.9,130.8,135,true
1372,189,11,WP-0189-01,289.6,2.8,292.4,105,true
1373,189,11,WP-0189-02,348.5,2.1,350.6,143,true
1374,189,11,WP-0189-03,212.5,2.7,215.2,64,true
1375,189,11,WP-0189-04,372.0,1.8,373.8,128,true
1376,189,11,WP-0189-05,339.7,6.0,345.7,151,true
1377,189,11,WP-0189-06,219.3,6.6,225.9,178,true
1378,190,1,WP-0190-01,365.6,1.0,366.6,116,true
1379,190,1,WP-0190-02,262.4,3.3,265.7,155,true
1380,190,1,WP-0190-03,355.8,6.7,362.5,153,true
1381,190,1,WP-0190-04,400.2,5.4,405.6,113,true
1382,190,1,WP-0190-05,149.4,5.7,155.1,61,true
1383,190,1,WP-0190-06,190.9,6.2,197.1,100,true
1384,190,1,WP-0190-07,284.1,1.0,285.1,129,true
1385,190,1,WP-0190-08,348.0,3.0,351.0,55,true
1386,190,1,WP-0190-09,400.6,1.8,402.4,173,true
1387,190,1,WP-0190-10,395.5,5.1,400.6,119,true
1388,190,1,WP-0190-11,365.8,3.8,369.6,85,true
1389,190,1,WP-0190-12,191.4,3.3,194.7,49,true
1390,191,5,WP-0191-01,364.7,6.3,371.0,173,true
1391,191,5,WP-0191-02,448.9,6.8,455.7,41,true
1392,191,5,WP-0191-03,171.3,0.5,171.8,150,true
1393,191,5,WP-0191-04,423.2,6.9,430.1,112,true
1394,191,5,WP-0191-05,407.1,2.2,409.3,118,true
1395,191,5,WP-0191-06,442.2,4.9,447.1,122,true
1396,191,5,WP-0191-07,293.4,5.1,298.5,116,true
1397,191,5,WP-0191-08,228.8,7.2,236.0,109,true
1398,191,5,WP-0191-09,184.6,8.0,192.6,126,true
1399,191,5,WP-0191-10,354.3,7.6,361.9,97,true
1400,192,3,WP-0192-01,428.6,3.4,432.0,142,true
1401,192,3,WP-0192-02,415.2,7.4,422.6,116,true
1402,192,3,WP-0192-03,186.5,3.3,189.8,78,true
1403,192,3,WP-0192-04,300.3,0.8,301.1,49,true
1404,192,3,WP-0192-05,359.2,2.7,361.9,72,true
1405,192,3,WP-0192-06,444.1,2.0,446.1,135,true
1406,192,3,WP-0192-07,265.1,3.2,268.3,136,true
1407,192,3,WP-0192-08,299.8,4.8,304.6,131,true
1408,192,3,WP-0192-09,214.9,4.0,218.9,146,true
1409,192,3,WP-0192-10,367.2,4.9,372.1,148,true
1410,192,3,WP-0192-11,149.5,5.0,154.5,130,true
1411,193,7,WP-0193-01,289.9,4.0,293.9,118,true
1412,193,7,WP-0193-02,208.7,4.6,213.3,54,true
1413,193,7,WP-0193-03,229.5,2.5,232.0,121,true
1414,193,7,WP-0193-04,195.8,1.7,197.5,104,true
1415,193,7,WP-0193-05,265.1,7.9,273.0,163,true
1416,193,7,WP-0193-06,245.0,2.3,247.3,114,true
1417,193,7,WP-0193-07,251.9,2.9,254.8,98,true
1418,193,7,WP-0193-08,422.6,6.6,429.2,142,true
1419,193,7,WP-0193-09,125.0,6.7,131.7,100,true
1420,193,7,WP-0193-10,172.5,5.5,178.0,77,true
1421,193,7,WP-0193-11,206.2,6.7,212.9,111,true
1422,194,1,WP-0194-01,194.1,1.0,195.1,177,true
1423,194,1,WP-0194-02,314.0,2.4,316.4,180,true
1424,194,1,WP-0194-03,178.4,5.2,183.6,80,true
1425,194,1,WP-0194-04,157.4,1.1,158.5,120,true
1426,194,1,WP-0194-05,287.9,3.1,291.0,159,true
1427,194,1,WP-0194-06,277.3,2.0,279.3,145,true
1428,194,1,WP-0194-07,402.6,2.6,405.2,70,true
1429,195,7,WP-0195-01,357.5,4.1,361.6,144,true
1430,195,7,WP-0195-02,258.6,2.4,261.0,114,true
1431,195,7,WP-0195-03,273.1,5.1,278.2,53,true
1432,195,7,WP-0195-04,269.8,7.9,277.7,94,true
1433,195,7,WP-0195-05,274.2,3.3,277.5,124,true
1434,195,7,WP-0195-06,176.1,2.9,179.0,90,true
1435,195,7,WP-0195-07,327.3,2.5,329.8,162,true
1436,195,7,WP-0195-08,373.0,2.4,375.4,89,true
1437,195,7,WP-0195-09,196.4,8.0,204.4,83,true
1438,195,7,WP-0195-10,387.4,5.5,392.9,137,true
1439,195,7,WP-0195-11,398.8,6.5,405.3,152,true
1440,195,7,WP-0195-12,403.7,0.5,404.2,127,true
1441,196,2,WP-0196-01,314.6,6.3,320.9,125,true
1442,196,2,WP-0196-02,302.6,7.0,309.6,153,true
1443,196,2,WP-0196-03,132.8,3.7,136.5,114,true
1444,197,10,WP-0197-01,172.5,0.5,173.0,62,true
1445,197,10,WP-0197-02,148.2,6.7,154.9,121,true
1446,197,10,WP-0197-03,222.4,1.8,224.2,124,true
1447,197,10,WP-0197-04,143.0,6.6,149.6,178,true
1448,197,10,WP-0197-05,374.8,4.0,378.8,169,true
1449,197,10,WP-0197-06,455.6,5.1,460.7,122,true
1450,197,10,WP-0197-07,174.4,6.7,181.1,72,true
1451,197,10,WP-0197-08,295.6,1.0,296.6,65,true
1452,197,10,WP-0197-09,380.2,4.9,385.1,101,true
1453,198,2,WP-0198-01,126.5,6.8,133.3,45,true
1454,198,2,WP-0198-02,162.2,3.8,166.0,42,true
1455,198,2,WP-0198-03,341.9,0.8,342.7,93,true
1456,198,2,WP-0198-04,334.2,4.0,338.2,154,true
1457,198,2,WP-0198-05,246.6,2.4,249.0,176,true
1458,198,2,WP-0198-06,133.1,0.7,133.8,82,true
1459,198,2,WP-0198-07,427.7,4.9,432.6,82,true
1460,198,2,WP-0198-08,201.2,7.1,208.3,111,true
1461,198,2,WP-0198-09,140.9,3.4,144.3,56,true
1462,198,2,WP-0198-10,148.1,4.4,152.5,98,true
1463,199,8,WP-0199-01,264.6,4.8,269.4,47,true
1464,199,8,WP-0199-02,419.7,5.0,424.7,141,true
1465,199,8,WP-0199-03,336.6,1.0,337.6,73,true
1466,199,8,WP-0199-04,307.5,5.2,312.7,123,true
1467,199,8,WP-0199-05,176.5,6.9,183.4,139,true
1468,200,7,WP-0200-01,471.6,5.5,477.1,168,true
1469,200,7,WP-0200-02,347.5,0.5,348.0,87,true
1470,200,7,WP-0200-03,357.5,2.0,359.5,173,true
1471,200,7,WP-0200-04,145.2,2.8,148.0,148,true
1472,200,7,WP-0200-05,282.5,6.0,288.5,96,true
