nutz_id,firma_nr,usr_id,feat,am,anz_events
1,52,172,export,2023-12-18,218
2,52,412,dash,2023-11-02,216
3,52,292,sso,2024-01-06,550
4,52,292,export,2023-12-23,625
5,110,590,audit,2023-08-25,719
6,110,230,export,2023-10-29,767
7,110,350,export,2023-08-19,606
8,110,470,export,2023-08-29,15
9,110,110,dash,2023-09-21,359
10,110,470,export,2023-10-17,461
11,78,558,audit,2024-02-07,53
12,78,678,audit,2024-03-15,326
13,78,318,export,2024-01-05,548
14,78,198,api,2023-12-14,446
15,78,78,sso,2023-12-12,268
16,60,540,dash,2024-03-09,453
17,60,60,sso,2024-02-29,294
18,60,540,export,2024-03-12,748
19,60,660,sso,2023-12-11,767
20,60,660,dash,2024-01-17,487
21,60,300,dash,2024-03-11,236
22,16,16,export,2023-06-17,773
23,16,616,export,2023-07-20,596
24,16,136,sso,2023-07-26,23
25,16,496,export,2023-07-06,96
26,106,586,audit,2023-10-28,230
27,106,346,export,2023-11-13,144
28,106,586,sso,2023-10-17,579
29,97,97,dash,2024-04-07,785
30,97,337,api,2024-04-22,466
31,97,217,export,2024-04-17,158
32,97,337,audit,2024-03-31,800
33,97,577,api,2024-03-22,144
34,34,514,export,2024-01-28,435
35,34,514,export,2024-02-15,275
36,34,154,dash,2024-02-20,106
37,34,514,export,2023-12-11,782
38,34,514,api,2024-01-12,606
39,85,445,export,2023-06-24,423
40,85,445,audit,2023-07-12,611
41,85,445,sso,2023-07-05,109
42,85,685,api,2023-08-06,532
43,85,445,export,2023-08-05,510
44,85,205,sso,2023-07-07,772
45,85,85,sso,2023-07-04,316
46,85,565,export,2023-08-03,376
47,99,339,api,2024-09-16,517
48,99,339,api,2024-09-22,84
49,99,339,export,2024-07-14,186
50,99,219,audit,2024-07-23,781
51,99,699,sso,2024-10-06,434
52,99,579,export,2024-07-08,675
53,9,489,audit,2024-11-01,130
54,9,489,dash,2024-10-25,376
55,9,129,api,2024-07-26,690
56,63,543,audit,2024-03-28,748
57,63,663,dash,2024-04-16,564
58,63,303,api,2024-03-01,305
59,19,379,dash,2024-05-02,161
60,19,379,dash,2024-05-06,315
61,19,19,dash,2024-05-29,91
62,19,379,export,2024-06-02,508
63,19,379,sso,2024-04-20,270
64,19,379,audit,2024-04-12,416
65,94,334,sso,2024-01-01,535
66,94,694,audit,2024-01-15,323
67,94,334,api,2023-12-06,244
68,11,131,audit,2023-11-03,418
69,11,131,dash,2023-11-19,28
70,11,491,audit,2023-10-31,604
71,11,611,export,2023-11-10,559
72,11,11,sso,2023-10-22,104
73,11,611,sso,2023-11-25,230
74,22,262,audit,2024-01-13,776
75,22,142,api,2024-04-05,482
76,22,622,sso,2024-02-18,24
77,22,502,dash,2024-04-08,637
78,22,622,sso,2024-04-07,161
79,78,678,audit,2024-08-28,54
80,78,198,dash,2024-09-29,585
81,78,78,audit,2024-08-16,652
82,78,678,export,2024-08-25,461
83,78,318,export,2024-08-22,353
84,78,78,sso,2024-08-17,313
85,69,309,sso,2024-01-14,705
86,69,189,api,2023-12-26,12
87,69,189,sso,2024-02-03,420
88,69,429,api,2024-02-03,781
89,69,309,api,2023-12-22,335
90,27,267,export,2024-11-04,100
91,27,627,dash,2024-12-29,691
92,27,27,audit,2025-01-05,687
93,27,387,export,2024-10-08,268
94,27,627,dash,2024-10-27,411
95,27,267,sso,2024-11-12,556
96,27,507,sso,2024-11-29,115
97,27,627,export,2024-10-29,240
98,81,81,export,2024-10-23,407
99,81,561,audit,2024-11-18,324
100,81,561,export,2024-11-03,191
101,81,681,api,2024-10-17,613
102,90,210,sso,2024-01-14,83
103,90,690,audit,2024-02-22,388
104,90,330,export,2024-01-10,5
105,90,690,sso,2024-02-16,295
106,90,450,sso,2024-01-03,289
107,5,365,sso,2024-03-16,678
108,5,245,audit,2024-05-27,715
109,5,365,api,2024-04-05,122
110,5,605,api,2024-03-16,173
111,5,245,sso,2024-03-10,161
112,5,605,sso,2024-04-11,490
113,5,245,export,2024-04-30,528
114,5,125,sso,2024-04-20,475
115,120,240,export,2024-09-06,587
116,120,360,dash,2024-08-01,536
117,120,480,audit,2024-06-23,274
118,120,600,dash,2024-07-09,118
119,120,360,api,2024-07-03,34
120,120,360,dash,2024-08-17,102
121,120,360,export,2024-08-31,106
122,115,115,api,2024-03-01,582
123,115,115,export,2024-03-04,173
124,115,355,api,2024-05-08,519
125,115,475,sso,2024-03-08,692
126,115,475,sso,2024-05-17,496
127,115,235,audit,2024-04-16,79
128,115,475,api,2024-05-12,162
129,115,115,audit,2024-03-31,684
130,81,321,export,2024-03-27,39
131,81,681,export,2024-06-01,461
132,81,81,sso,2024-04-25,401
133,81,681,audit,2024-03-21,361
134,81,201,export,2024-05-04,198
135,81,321,audit,2024-03-14,551
136,56,56,export,2024-05-06,171
137,56,416,dash,2024-04-02,386
138,56,176,dash,2024-04-20,72
139,56,656,api,2024-04-21,626
140,37,157,api,2024-06-19,106
141,37,517,audit,2024-07-30,525
142,37,37,sso,2024-07-21,751
143,37,637,sso,2024-06-13,507
144,37,397,sso,2024-06-08,375
145,37,277,dash,2024-07-27,294
146,37,277,sso,2024-05-03,424
147,96,456,sso,2024-05-18,348
148,96,336,sso,2024-07-20,521
149,96,336,sso,2024-04-27,166
150,96,696,sso,2024-07-17,50
151,96,576,export,2024-06-14,767
152,96,216,dash,2024-06-12,54
153,96,456,api,2024-05-25,650
154,96,696,dash,2024-07-19,365
155,98,338,api,2024-10-17,400
156,98,698,dash,2024-11-15,534
157,98,578,sso,2024-11-29,56
158,98,458,api,2024-10-16,609
159,98,98,audit,2024-11-22,410
160,34,394,dash,2024-09-29,451
161,34,154,dash,2024-09-25,239
162,34,34,export,2024-09-09,282
163,34,394,export,2024-07-01,17
164,34,634,export,2024-07-17,383
165,34,154,audit,2024-09-10,748
166,48,648,export,2024-05-21,376
167,48,648,sso,2024-05-02,547
168,48,288,audit,2024-05-03,235
169,58,178,dash,2023-08-07,800
170,58,298,api,2023-08-03,456
171,58,658,api,2023-11-07,303
172,58,178,audit,2023-08-02,660
173,55,655,sso,2024-01-15,110
174,55,295,sso,2024-01-17,183
175,55,175,api,2023-11-20,663
176,55,655,export,2023-11-16,574
177,119,479,sso,2023-09-17,495
178,119,119,sso,2023-10-05,418
179,119,599,audit,2023-12-10,196
180,119,599,sso,2023-12-15,327
181,119,119,sso,2023-11-15,328
182,119,359,audit,2023-09-17,148
183,119,359,api,2023-11-20,637
184,119,479,export,2023-09-29,234
185,105,345,sso,2024-04-25,609
186,105,585,sso,2024-05-17,595
187,105,225,sso,2024-03-31,76
188,105,225,dash,2024-05-21,84
189,105,465,export,2024-05-05,42
190,105,225,audit,2024-03-20,298
191,120,240,sso,2023-10-13,558
192,120,480,sso,2023-10-07,23
193,120,240,sso,2023-09-01,736
194,102,462,export,2024-04-22,509
195,102,462,export,2024-04-27,255
196,102,462,dash,2024-04-27,620
197,102,102,sso,2024-04-24,706
198,102,462,export,2024-03-22,795
199,102,582,sso,2024-03-19,716
200,102,342,api,2024-04-03,141
201,59,659,sso,2024-09-28,465
202,59,59,export,2024-08-26,266
203,59,59,dash,2024-08-20,53
204,59,659,dash,2024-08-04,475
205,49,529,api,2024-10-10,706
206,49,169,audit,2024-08-22,101
207,49,289,export,2024-08-09,609
208,49,169,sso,2024-08-01,731
209,49,409,export,2024-10-08,688
210,49,649,dash,2024-07-31,238
211,64,424,export,2023-10-15,677
212,64,184,export,2023-08-14,322
213,64,664,api,2023-09-27,672
214,64,184,dash,2023-08-15,534
215,64,664,export,2023-11-16,685
216,64,64,api,2023-08-25,16
217,94,334,audit,2024-06-08,249
218,94,334,audit,2024-08-30,514
219,94,94,export,2024-07-25,189
220,75,315,api,2023-10-25,125
221,75,555,audit,2023-09-18,628
222,75,195,api,2023-08-22,651
223,104,224,sso,2024-08-11,427
224,104,224,export,2024-08-21,458
225,104,344,audit,2024-09-12,291
226,26,26,api,2024-05-27,492
227,26,386,dash,2024-07-20,362
228,26,146,audit,2024-07-18,215
229,20,20,audit,2024-08-22,284
230,20,380,sso,2024-09-27,462
231,20,140,audit,2024-07-30,237
232,20,380,export,2024-07-11,110
233,20,380,dash,2024-08-09,293
234,80,320,export,2023-10-28,473
235,80,440,dash,2023-12-03,191
236,80,440,sso,2024-01-21,510
237,50,170,dash,2024-03-13,707
238,50,650,audit,2023-12-17,196
239,50,650,sso,2024-02-16,210
240,50,650,audit,2023-12-04,504
241,50,410,audit,2024-03-04,757
242,50,530,audit,2024-01-15,397
243,50,410,dash,2024-01-27,667
244,93,453,audit,2023-11-20,329
245,93,573,sso,2023-11-26,227
246,93,333,audit,2023-10-04,588
247,93,693,dash,2023-10-25,80
248,98,698,sso,2024-09-04,498
249,98,698,sso,2024-07-07,319
250,98,98,export,2024-08-22,433
251,98,698,audit,2024-07-09,397
252,98,218,api,2024-06-23,523
253,98,338,dash,2024-06-29,704
254,98,98,export,2024-07-23,227
255,17,377,api,2024-01-23,152
256,17,137,api,2024-02-02,585
257,17,617,api,2024-02-21,190
258,17,17,sso,2024-02-08,799
259,17,17,export,2024-02-23,628
260,17,17,dash,2024-03-26,269
261,69,309,audit,2024-03-26,163
262,69,309,dash,2024-05-06,764
263,69,669,sso,2024-03-16,738
264,69,429,dash,2024-06-14,616
265,69,549,api,2024-05-18,225
266,69,549,audit,2024-06-01,93
267,69,189,dash,2024-05-16,11
268,69,189,sso,2024-06-19,142
269,91,691,sso,2024-09-15,316
270,91,331,dash,2024-09-15,710
271,91,571,audit,2024-09-18,233
272,91,571,export,2024-09-21,446
273,81,681,audit,2023-11-27,211
274,81,561,audit,2023-12-24,81
275,81,681,export,2023-11-26,785
276,81,561,export,2024-01-11,683
277,81,561,dash,2023-11-29,623
278,81,681,audit,2023-11-30,59
279,81,81,api,2024-02-07,524
280,81,321,dash,2024-02-27,236
281,32,272,audit,2024-09-11,491
282,32,632,audit,2024-10-16,663
283,32,32,dash,2024-09-21,14
284,32,632,audit,2024-08-10,338
285,106,586,sso,2024-02-13,147
286,106,346,api,2024-03-04,624
287,106,106,dash,2023-11-28,607
288,106,226,audit,2024-01-24,588
289,106,226,export,2024-02-15,237
290,106,586,audit,2023-12-07,516
291,63,303,api,2024-05-03,217
292,63,543,dash,2024-05-08,618
293,63,63,audit,2024-06-03,387
294,63,183,sso,2024-06-01,33
295,63,543,api,2024-06-05,426
296,63,663,api,2024-03-04,252
297,17,137,export,2023-08-24,228
298,17,377,api,2023-06-23,702
299,17,617,export,2023-06-10,518
300,17,17,api,2023-06-26,453
301,17,17,dash,2023-07-26,764
302,17,497,sso,2024-04-11,537
303,17,377,export,2024-05-22,425
304,17,377,export,2024-07-06,138
305,17,17,sso,2024-04-07,153
306,17,497,audit,2024-06-26,206
307,6,246,api,2023-10-17,447
308,6,246,export,2023-10-16,668
309,6,126,sso,2023-11-25,65
310,6,6,sso,2023-10-17,67
311,6,126,sso,2023-10-14,724
312,6,126,audit,2023-09-20,459
313,23,623,export,2023-10-21,198
314,23,503,sso,2023-09-11,115
315,23,263,export,2023-09-07,264
316,23,503,dash,2023-10-19,673
317,23,503,sso,2023-10-24,431
318,94,574,dash,2024-08-28,242
319,94,94,audit,2024-08-06,738
320,94,574,audit,2024-06-20,751
321,94,454,dash,2024-06-20,29
322,94,574,api,2024-08-03,314
323,94,94,api,2024-08-25,391
324,94,454,export,2024-07-20,112
325,94,334,sso,2024-06-19,159
326,78,438,sso,2024-05-01,162
327,78,198,sso,2024-03-04,38
328,78,78,api,2024-05-20,798
329,78,558,export,2024-05-05,476
330,78,318,sso,2024-05-09,783
331,78,438,dash,2024-05-23,263
332,50,290,audit,2024-10-01,650
333,50,530,dash,2024-07-26,108
334,50,650,api,2024-09-18,749
335,80,200,sso,2024-06-30,394
336,80,200,sso,2024-07-07,322
337,80,440,audit,2024-08-11,324
338,80,320,export,2024-07-20,739
339,80,320,export,2024-07-21,642
340,27,507,api,2023-12-25,638
341,27,27,dash,2024-01-29,400
342,27,147,api,2023-12-22,115
343,27,627,audit,2024-01-30,709
344,27,507,api,2023-12-02,39
345,27,267,sso,2024-02-16,485
346,27,267,api,2024-02-27,306
347,77,677,audit,2023-09-14,53
348,77,77,sso,2023-09-11,531
349,77,77,audit,2023-07-14,351
350,77,197,sso,2023-07-19,634
351,77,77,export,2023-08-24,65
352,77,317,export,2023-08-14,660
353,77,197,dash,2023-09-06,398
354,82,202,dash,2024-11-24,347
355,82,202,sso,2024-12-11,77
356,82,682,dash,2024-10-10,631
357,82,322,audit,2024-12-12,26
358,72,192,export,2023-10-02,217
359,72,192,export,2023-12-06,249
360,72,432,dash,2023-11-19,659
361,72,552,export,2023-10-07,529
362,72,552,audit,2023-12-15,615
363,72,672,audit,2023-11-06,514
364,72,312,export,2023-10-23,720
365,64,304,api,2024-11-23,214
366,64,544,dash,2024-11-18,165
367,64,64,export,2024-10-12,749
368,64,64,audit,2024-10-05,627
369,64,304,audit,2024-11-21,641
370,100,340,api,2024-08-26,195
371,100,100,api,2024-07-22,766
372,100,100,api,2024-05-27,651
373,100,340,api,2024-06-14,403
374,108,468,audit,2024-08-14,282
375,108,348,audit,2024-10-01,685
376,108,348,sso,2024-09-10,361
377,108,108,export,2024-11-02,797
378,8,488,export,2024-09-25,429
379,8,608,sso,2024-10-17,396
380,8,488,dash,2024-09-07,557
381,8,128,export,2024-10-03,5
382,100,460,dash,2024-02-26,63
383,100,100,audit,2023-12-12,499
384,100,700,sso,2023-12-20,33
385,100,340,sso,2024-01-07,674
386,100,460,audit,2023-12-06,184
387,100,100,export,2024-03-03,55
388,78,318,audit,2024-10-13,227
389,78,438,audit,2024-12-25,76
390,78,678,sso,2024-12-19,93
391,52,652,dash,2023-12-12,614
392,52,172,audit,2023-12-20,731
393,52,532,dash,2023-10-08,301
394,52,172,api,2023-09-26,535
395,52,52,api,2023-12-18,467
396,19,619,audit,2024-04-19,155
397,19,499,audit,2024-02-09,588
398,19,259,sso,2024-03-28,769
399,19,379,audit,2024-03-19,441
400,19,619,api,2024-02-13,389
401,19,139,export,2024-04-06,44
402,19,619,dash,2024-03-02,144
403,86,446,sso,2024-09-27,31
404,86,566,sso,2024-08-28,3
405,86,326,audit,2024-10-14,37
406,86,326,export,2024-09-02,377
407,86,206,sso,2024-11-04,204
408,35,35,export,2024-04-02,592
409,35,35,dash,2024-02-28,604
410,35,395,audit,2024-04-15,465
411,35,155,dash,2024-03-07,466
412,35,35,audit,2024-05-06,42
413,35,275,dash,2024-04-03,337
414,35,155,export,2024-05-02,39
415,104,584,dash,2024-07-20,359
416,104,584,export,2024-08-24,379
417,104,344,api,2024-07-09,649
418,104,584,sso,2024-08-13,524
419,104,104,api,2024-06-08,303
420,104,104,export,2024-08-24,666
421,104,344,dash,2024-07-02,591
422,104,344,sso,2024-06-05,390
423,59,539,audit,2024-11-11,504
424,59,419,dash,2024-09-05,230
425,59,539,audit,2024-09-28,444
426,59,299,audit,2024-10-02,275
427,59,179,sso,2024-09-27,546
428,59,299,api,2024-12-01,736
429,93,93,api,2024-02-22,67
430,93,693,export,2024-02-02,784
431,93,453,api,2024-03-16,659
432,18,138,sso,2024-07-11,232
433,18,258,export,2024-10-13,464
434,18,258,api,2024-08-14,526
435,18,258,sso,2024-07-27,591
436,18,18,dash,2024-10-11,677
437,18,498,sso,2024-10-02,177
438,18,18,api,2024-10-10,231
439,120,360,dash,2024-07-13,146
440,120,120,sso,2024-07-05,317
441,120,120,audit,2024-07-26,772
442,109,109,export,2024-06-26,121
443,109,589,sso,2024-06-12,613
444,109,589,api,2024-05-30,26
445,68,308,audit,2024-08-20,272
446,68,308,export,2024-09-18,231
447,68,668,audit,2024-08-09,449
448,68,428,sso,2024-09-24,267
449,68,428,audit,2024-08-26,213
450,68,548,audit,2024-10-16,677
451,35,395,api,2024-06-11,373
452,35,515,api,2024-06-25,369
453,35,35,api,2024-05-12,410
454,35,35,export,2024-05-01,203
455,35,515,dash,2024-05-18,645
456,35,395,api,2024-06-29,157
457,35,155,export,2024-06-26,302
458,35,35,api,2024-07-21,647
459,53,293,export,2024-03-08,542
460,53,413,audit,2024-02-27,238
461,53,653,export,2024-02-24,775
462,53,413,export,2023-12-26,142
463,53,173,export,2024-02-04,428
464,53,533,audit,2024-01-18,518
465,99,459,audit,2024-04-28,579
466,99,699,audit,2024-04-03,347
467,99,339,audit,2024-05-09,350
468,99,459,api,2024-06-09,36
469,83,83,audit,2024-06-28,236
470,83,683,dash,2024-07-03,111
471,83,683,dash,2024-08-26,656
472,83,683,api,2024-06-19,156
473,83,323,api,2024-05-31,74
474,94,454,audit,2024-02-01,617
475,94,214,sso,2024-02-23,24
476,94,334,dash,2024-03-07,335
477,94,94,api,2024-02-24,76
478,94,454,api,2024-03-13,723
479,2,482,api,2024-02-17,474
480,2,602,audit,2024-01-23,508
481,2,482,dash,2023-12-09,20
482,2,2,api,2023-11-14,59
483,2,2,audit,2024-01-17,337
484,2,602,sso,2023-12-12,1
485,20,500,audit,2024-06-25,315
486,20,380,export,2024-05-17,596
487,20,140,api,2024-05-12,54
488,20,620,audit,2024-06-15,43
489,20,500,dash,2024-08-04,266
490,20,380,sso,2024-07-19,742
491,93,453,export,2023-10-27,136
492,93,693,api,2023-09-14,144
493,93,573,sso,2023-10-09,788
494,97,337,dash,2024-09-19,158
495,97,697,dash,2024-08-26,750
496,97,577,audit,2024-10-18,515
497,97,577,dash,2024-10-31,50
498,116,596,sso,2024-11-22,587
499,116,236,export,2024-11-22,689
500,116,476,export,2024-11-07,296
501,116,476,export,2024-12-26,746
502,116,356,export,2024-11-11,623
503,41,641,audit,2024-05-27,141
504,41,281,api,2024-05-28,800
505,41,521,api,2024-07-07,192
506,41,401,api,2024-05-10,228
507,41,41,audit,2024-06-14,358
508,105,225,audit,2023-10-01,673
509,105,465,sso,2023-10-01,755
510,105,465,dash,2023-12-10,508
511,105,345,audit,2023-12-08,697
512,105,345,dash,2023-11-15,44
513,105,105,dash,2023-12-04,245
514,105,105,sso,2023-11-10,566
515,105,345,dash,2023-12-26,622
516,100,580,dash,2023-11-23,581
517,100,100,export,2023-09-08,421
518,100,340,sso,2023-11-16,667
519,100,220,dash,2023-11-03,602
520,100,100,api,2023-10-19,77
521,100,340,dash,2023-08-26,502
522,100,460,export,2023-09-11,492
523,53,533,api,2023-10-03,144
524,53,533,sso,2023-10-15,258
525,53,53,api,2023-12-15,529
526,53,53,dash,2023-10-17,564
527,120,600,audit,2024-07-17,238
528,120,360,export,2024-08-22,701
529,120,480,audit,2024-07-25,580
530,120,600,export,2024-09-05,540
531,120,240,sso,2024-08-20,144
532,36,396,api,2024-08-12,437
533,36,516,sso,2024-09-22,750
534,36,636,api,2024-08-08,609
535,36,636,dash,2024-07-26,68
536,36,36,sso,2024-07-03,5
537,36,396,export,2024-09-21,512
538,36,156,dash,2024-09-09,263
539,36,156,audit,2024-08-23,586
540,55,295,dash,2024-08-25,638
541,55,175,sso,2024-08-13,125
542,55,535,dash,2024-09-12,76
543,55,55,sso,2024-09-10,522
544,55,175,sso,2024-09-20,474
545,55,295,export,2024-07-18,224
546,55,295,export,2024-08-29,380
547,63,183,api,2024-10-08,126
548,63,63,sso,2024-10-08,323
549,63,183,export,2024-08-22,570
550,63,423,dash,2024-11-25,786
551,63,423,sso,2024-09-11,778
552,82,202,export,2024-08-27,322
553,82,682,api,2024-09-06,594
554,82,322,export,2024-07-31,640
555,82,322,sso,2024-08-26,583
556,82,322,audit,2024-10-19,461
557,6,246,audit,2023-07-30,735
558,6,366,dash,2023-07-05,351
559,6,366,dash,2023-07-19,44
560,6,366,export,2023-07-20,354
561,6,366,audit,2023-08-08,6
562,112,472,sso,2023-11-26,650
563,112,352,api,2024-02-25,50
564,112,112,dash,2024-02-09,677
565,112,472,export,2024-02-02,718
566,112,592,api,2024-02-12,161
567,112,472,audit,2024-02-04,629
568,112,592,sso,2023-12-29,652
569,112,592,api,2024-01-10,317
570,61,181,export,2023-12-14,656
571,61,541,export,2023-10-14,716
572,61,301,sso,2023-12-12,353
573,34,274,sso,2024-10-02,115
574,34,34,dash,2024-09-19,256
575,34,154,audit,2024-08-23,147
576,34,634,sso,2024-11-03,694
577,34,394,audit,2024-11-04,229
578,34,514,sso,2024-08-30,360
579,2,242,api,2023-11-28,444
580,2,122,audit,2023-11-21,566
581,2,362,api,2023-11-12,328
582,2,2,sso,2023-11-19,396
583,2,122,sso,2023-10-25,49
584,2,602,export,2023-11-20,350
585,2,362,dash,2023-12-15,289
586,32,632,audit,2023-07-24,795
587,32,632,export,2023-08-02,258
588,32,272,dash,2023-09-08,759
589,32,392,api,2023-09-07,287
590,32,392,dash,2023-08-17,360
591,32,632,audit,2023-10-04,343
592,14,614,export,2024-11-02,149
593,14,14,api,2024-10-12,714
594,14,494,dash,2024-10-25,235
595,14,374,sso,2024-08-06,189
596,14,494,audit,2024-10-13,133
597,14,374,api,2024-10-17,468
598,14,254,export,2024-10-04,155
599,19,19,api,2023-11-23,519
600,19,139,audit,2023-11-26,708
601,19,619,audit,2023-11-28,56
602,19,19,api,2023-10-15,722
603,19,139,sso,2023-12-06,171
604,19,379,audit,2023-09-19,32
605,19,499,api,2023-09-24,156
606,19,139,api,2023-10-14,17
607,24,624,api,2023-07-20,51
608,24,24,api,2023-08-14,674
609,24,144,sso,2023-07-20,553
610,24,144,sso,2023-07-16,281
611,24,504,audit,2023-08-13,74
612,24,624,export,2023-09-06,584
613,24,24,sso,2023-07-25,227
614,87,327,api,2024-08-22,432
615,87,207,dash,2024-07-04,643
616,87,207,dash,2024-07-01,114
617,87,447,dash,2024-07-15,607
618,87,687,dash,2024-08-14,285
619,87,327,audit,2024-06-01,258
620,87,687,export,2024-08-23,259
621,10,10,audit,2024-09-02,288
622,10,130,audit,2024-09-01,553
623,10,370,audit,2024-08-20,727
624,10,250,dash,2024-10-29,750
625,101,581,api,2023-08-13,765
626,101,221,export,2023-10-31,621
627,101,101,api,2023-10-07,689
628,101,581,api,2023-09-20,503
629,101,581,export,2023-08-30,300
630,101,221,api,2023-08-19,48
631,101,101,export,2023-10-12,322
632,67,67,api,2023-12-06,731
633,67,187,sso,2023-09-20,303
634,67,307,audit,2023-12-06,574
635,67,427,dash,2023-09-23,648
636,67,307,export,2023-11-03,699
637,45,645,api,2024-07-19,658
638,45,645,export,2024-06-09,39
639,45,285,dash,2024-06-27,359
640,45,45,sso,2024-08-06,329
641,45,165,api,2024-06-26,717
642,45,45,sso,2024-06-11,82
643,45,285,export,2024-08-23,389
644,82,322,dash,2023-09-10,159
645,82,82,dash,2023-10-27,743
646,82,682,sso,2023-09-08,374
647,82,682,dash,2023-09-08,681
648,57,57,dash,2024-09-26,711
649,57,657,audit,2024-08-24,496
650,57,297,export,2024-09-10,774
651,24,144,sso,2023-07-04,209
652,24,504,dash,2023-08-21,172
653,24,624,sso,2023-09-03,46
654,24,624,sso,2023-08-17,746
655,29,149,dash,2024-01-10,360
656,29,149,export,2023-11-01,465
657,29,149,api,2023-12-24,105
658,29,29,export,2023-12-21,570
659,29,629,api,2023-11-12,111
660,29,269,export,2023-12-29,94
661,29,509,export,2024-01-05,319
662,29,149,sso,2024-02-01,372
663,68,668,export,2024-10-27,618
664,68,668,export,2024-12-26,677
665,68,308,sso,2024-10-24,119
666,70,550,dash,2023-11-09,310
667,70,190,export,2024-01-03,602
668,70,310,api,2023-12-08,322
669,61,541,sso,2024-06-22,308
670,61,181,dash,2024-06-27,764
671,61,661,export,2024-06-14,12
672,61,181,api,2024-06-25,708
673,61,181,sso,2024-07-30,620
674,87,87,audit,2023-10-05,301
675,87,567,sso,2023-11-23,146
676,87,327,audit,2023-10-28,34
677,87,87,export,2023-10-29,522
678,87,567,export,2023-11-04,506
679,32,32,dash,2024-08-22,24
680,32,152,dash,2024-09-12,219
681,32,392,export,2024-08-27,300
682,32,272,audit,2024-09-28,603
683,32,272,api,2024-08-28,326
684,32,32,sso,2024-07-31,9
685,32,392,audit,2024-09-29,662
686,32,392,audit,2024-09-11,421
687,54,654,audit,2023-09-28,701
688,54,534,dash,2023-11-27,698
689,54,534,export,2023-12-13,141
690,54,534,dash,2023-10-23,441
691,90,90,sso,2024-06-19,658
692,90,690,audit,2024-05-01,374
693,90,450,sso,2024-05-01,34
694,54,654,sso,2023-10-20,340
695,54,54,dash,2023-12-27,127
696,54,654,audit,2023-11-11,64
697,14,494,audit,2024-10-23,746
698,14,374,api,2024-11-01,614
699,14,494,audit,2024-12-02,671
700,14,254,api,2024-10-11,304
701,98,338,export,2024-01-05,80
702,98,338,export,2024-01-19,189
703,98,98,api,2024-02-28,426
704,98,698,dash,2024-01-23,323
705,98,578,audit,2024-01-01,248
706,98,218,audit,2024-03-04,148
707,98,698,dash,2023-12-09,418
708,9,249,sso,2023-11-26,210
709,9,369,api,2023-10-02,271
710,9,609,dash,2023-09-21,59
711,9,9,sso,2023-11-11,796
712,40,400,sso,2024-03-20,533
713,40,640,export,2024-02-04,689
714,40,400,dash,2024-03-04,552
715,42,42,dash,2024-05-17,513
716,42,162,dash,2024-06-23,515
717,42,522,api,2024-05-04,257
718,42,402,export,2024-04-28,319
719,64,664,audit,2023-12-29,137
720,64,544,sso,2024-02-04,139
721,64,64,export,2024-01-22,185
722,64,184,audit,2024-01-21,220
723,64,184,api,2024-02-11,506
724,64,64,sso,2023-12-25,312
725,64,424,export,2024-01-21,441
726,64,64,audit,2023-12-28,60
727,15,495,audit,2023-08-22,366
728,15,375,sso,2023-09-11,700
729,15,615,audit,2023-11-03,513
730,15,615,sso,2023-11-16,688
731,15,15,audit,2023-11-09,742
732,15,495,audit,2023-10-27,310
733,15,255,api,2023-08-13,143
734,15,135,export,2023-09-10,405
735,94,214,audit,2024-10-05,405
736,94,214,dash,2024-08-20,38
737,94,454,api,2024-10-18,394
738,94,574,audit,2024-08-30,562
739,94,94,api,2024-10-22,405
740,94,94,export,2024-10-15,303
741,2,482,audit,2023-06-29,43
742,2,2,dash,2023-08-14,548
743,2,482,export,2023-09-07,196
744,2,482,sso,2023-08-25,505
745,2,242,sso,2023-08-28,688
746,2,242,dash,2023-09-27,328
747,2,362,api,2023-07-29,478
748,103,223,sso,2024-05-22,217
749,103,223,api,2024-08-06,138
750,103,103,export,2024-05-18,561
751,103,223,api,2024-07-18,782
752,103,583,dash,2024-07-18,74
753,103,343,export,2024-08-12,205
754,13,373,sso,2023-09-29,559
755,13,13,api,2023-10-24,158
756,13,13,dash,2023-10-25,80
757,13,493,dash,2023-09-03,368
758,13,133,audit,2023-08-23,405
759,13,493,audit,2023-08-21,498
760,72,672,sso,2023-11-09,647
761,72,72,dash,2023-12-28,730
762,72,432,api,2024-02-04,121
763,72,72,dash,2023-12-14,283
764,72,312,export,2024-01-14,335
765,72,72,export,2024-01-18,528
766,72,552,audit,2023-12-15,113
767,72,312,dash,2023-12-20,695
768,53,173,api,2024-02-05,405
769,53,173,audit,2024-01-10,494
770,53,653,sso,2024-02-14,445
771,53,653,audit,2024-01-20,692
772,53,653,audit,2024-01-10,771
773,53,53,export,2024-03-13,361
774,53,533,audit,2024-03-10,695
775,63,303,export,2024-02-18,570
776,63,303,audit,2024-01-19,151
777,63,303,audit,2024-02-12,730
778,66,186,audit,2024-03-25,477
779,66,186,api,2024-01-30,704
780,66,666,audit,2024-04-12,142
781,49,529,audit,2024-01-25,679
782,49,409,export,2024-02-25,497
783,49,169,export,2024-01-12,297
784,49,49,api,2024-02-20,228
785,49,289,sso,2024-01-25,609
786,24,384,dash,2024-03-13,291
787,24,24,dash,2024-02-22,366
788,24,384,api,2023-12-30,30
789,24,264,export,2024-02-24,64
790,24,384,dash,2024-02-24,257
791,74,194,dash,2024-11-01,279
792,74,554,audit,2024-12-17,432
793,74,74,audit,2024-12-19,375
794,74,74,sso,2024-11-27,482
795,74,194,export,2024-10-08,372
796,74,194,api,2024-12-24,95
797,74,194,export,2024-12-14,328
798,74,434,export,2024-12-18,608
799,79,679,api,2024-11-08,191
800,79,319,sso,2024-10-12,301
801,79,319,api,2024-08-15,544
802,79,199,export,2024-09-24,604
803,79,679,sso,2024-10-28,751
804,79,79,audit,2024-10-13,625
805,41,41,api,2024-03-23,702
806,41,641,dash,2024-01-12,136
807,41,161,audit,2024-04-08,643
808,41,41,dash,2024-01-02,103
809,41,281,export,2024-01-15,375
810,41,401,audit,2024-02-13,414
811,104,104,sso,2024-01-21,697
812,104,104,dash,2024-01-25,293
813,104,344,dash,2024-04-13,32
814,104,224,dash,2024-01-18,391
815,109,469,dash,2024-03-19,581
816,109,109,audit,2024-03-25,284
817,109,109,export,2024-03-20,707
818,109,349,api,2024-04-21,12
819,109,469,export,2024-05-18,716
820,109,589,export,2024-04-12,439
821,109,109,api,2024-03-29,795
822,97,217,sso,2024-07-17,173
823,97,577,audit,2024-07-18,712
824,97,217,api,2024-05-20,377
825,97,577,audit,2024-05-24,756
826,97,217,export,2024-07-12,389
827,81,681,audit,2024-04-23,316
828,81,681,export,2024-05-01,213
829,81,321,api,2024-06-04,600
830,90,450,api,2023-12-12,629
831,90,690,export,2023-12-18,285
832,90,570,audit,2023-10-24,744
833,90,570,sso,2023-12-13,710
834,90,90,dash,2023-11-23,472
835,90,330,export,2024-01-06,556
836,90,450,audit,2024-01-02,62
837,37,397,audit,2024-06-01,354
838,37,517,dash,2024-06-13,322
839,37,37,dash,2024-04-29,19
840,37,397,dash,2024-06-02,19
841,37,637,sso,2024-04-11,496
842,39,399,audit,2023-10-02,546
843,39,519,api,2023-12-11,551
844,39,279,audit,2023-12-08,473
845,39,279,dash,2023-09-29,45
846,39,519,api,2023-11-27,712
847,34,634,export,2024-09-20,532
848,34,634,audit,2024-10-29,47
849,34,154,audit,2024-11-09,584
850,34,154,export,2024-11-06,517
851,34,274,api,2024-09-09,444
852,34,274,api,2024-11-13,605
853,97,337,api,2024-02-13,280
854,97,457,export,2024-04-01,651
855,97,577,export,2024-04-27,726
856,97,97,audit,2024-02-19,398
857,97,337,export,2024-02-19,485
858,97,577,api,2024-02-16,159
859,98,338,api,2023-09-09,317
860,98,338,export,2023-11-15,799
861,98,458,audit,2023-09-07,475
862,101,221,dash,2023-07-21,224
863,101,581,api,2023-10-08,221
864,101,341,sso,2023-09-17,14
865,101,581,dash,2023-08-28,267
866,101,221,audit,2023-10-10,346
867,101,341,export,2023-07-23,733
868,101,221,dash,2023-09-08,453
869,6,606,audit,2023-07-12,484
870,6,246,audit,2023-09-13,306
871,6,246,dash,2023-09-04,462
872,6,606,export,2023-07-24,695
873,6,606,export,2023-10-06,374
874,6,486,export,2023-08-08,476
875,6,126,export,2023-09-23,738
876,63,303,api,2024-03-10,272
877,63,543,export,2024-01-04,494
878,63,543,api,2024-03-05,187
879,63,63,sso,2024-01-13,228
880,63,63,dash,2024-01-16,245
881,63,423,audit,2024-01-12,63
882,63,303,export,2023-12-22,640
883,63,303,export,2024-01-29,662
884,4,124,audit,2024-02-12,640
885,4,364,sso,2024-01-28,306
886,4,364,api,2024-01-01,380
887,4,484,export,2023-11-26,213
888,4,364,export,2023-12-11,582
889,4,484,audit,2024-02-12,28
890,4,4,api,2024-02-06,50
891,100,220,dash,2023-10-22,86
892,100,220,sso,2023-12-13,687
893,100,460,export,2023-11-30,405
894,100,220,dash,2023-11-20,353
895,100,100,dash,2023-11-28,602
896,100,100,export,2023-11-19,472
897,100,700,dash,2023-12-28,658
898,90,330,audit,2023-10-18,710
899,90,690,sso,2023-08-05,588
900,90,90,sso,2023-10-24,465
901,25,25,export,2024-07-13,500
902,25,265,dash,2024-07-25,777
903,25,625,dash,2024-06-28,628
904,37,277,api,2024-03-18,574
905,37,397,api,2024-03-01,169
906,37,157,sso,2024-03-15,420
907,37,517,audit,2024-02-12,205
908,37,157,export,2024-02-18,730
909,37,157,export,2024-03-29,266
910,37,397,sso,2024-04-03,453
911,65,665,api,2024-09-26,128
912,65,65,export,2024-08-28,136
913,65,305,audit,2024-08-17,159
914,44,524,export,2024-05-21,208
915,44,44,dash,2024-06-14,66
916,44,404,sso,2024-05-12,84
917,44,284,export,2024-06-13,766
918,44,164,audit,2024-05-18,706
919,44,644,export,2024-03-06,721
920,44,164,dash,2024-03-14,165
921,95,455,audit,2024-08-18,402
922,95,575,sso,2024-08-15,96
923,95,455,sso,2024-09-02,390
924,95,695,sso,2024-10-11,221
925,95,695,dash,2024-10-21,410
926,95,335,audit,2024-09-06,718
927,95,695,sso,2024-10-17,784
928,95,95,audit,2024-10-06,389
929,69,549,sso,2024-12-10,132
930,69,69,api,2024-12-05,335
931,69,549,dash,2024-11-07,131
932,69,309,audit,2024-11-11,396
933,69,429,api,2024-12-09,54
934,69,549,sso,2024-11-06,375
935,69,669,sso,2024-11-26,4
936,69,309,audit,2025-01-15,628
937,69,69,export,2024-06-29,432
938,69,189,dash,2024-04-09,239
939,69,549,dash,2024-06-18,281
940,69,309,dash,2024-06-05,251
941,69,69,dash,2024-04-07,267
942,69,69,export,2024-04-08,614
943,69,69,api,2024-05-28,87
944,69,189,api,2024-04-14,668
945,62,422,sso,2024-08-12,39
946,62,422,export,2024-07-15,144
947,62,302,dash,2024-08-10,575
948,62,662,api,2024-09-06,516
949,62,542,dash,2024-08-14,659
950,64,184,export,2024-10-27,363
951,64,544,dash,2024-10-26,273
952,64,424,dash,2024-12-24,454
953,64,304,audit,2024-10-19,212
954,79,679,export,2023-12-27,748
955,79,679,audit,2023-11-21,705
956,79,79,api,2023-12-02,386
957,79,319,export,2023-10-19,233
958,22,142,audit,2023-08-01,265
959,22,22,audit,2023-09-15,69
960,22,622,sso,2023-08-28,554
961,22,142,export,2023-08-17,7
962,22,382,api,2023-09-10,93
963,22,22,audit,2023-09-28,525
964,22,622,dash,2023-08-22,290
965,22,142,audit,2023-10-01,292
966,36,516,api,2024-09-06,145
967,36,36,export,2024-09-19,404
968,36,276,sso,2024-07-29,464
969,36,36,dash,2024-07-16,537
970,3,123,sso,2024-11-24,482
971,3,3,sso,2024-12-04,195
972,3,243,export,2024-11-28,561
973,3,603,dash,2024-12-14,29
974,3,3,export,2024-09-17,500
975,3,603,export,2024-11-30,733
976,55,295,sso,2024-02-21,444
977,55,295,sso,2023-12-02,143
978,55,655,export,2023-12-16,729
979,55,55,export,2024-02-02,245
980,55,55,dash,2023-11-22,799
981,92,212,audit,2024-04-18,394
982,92,332,export,2024-05-26,8
983,92,452,sso,2024-03-05,497
984,92,92,audit,2024-04-18,684
985,92,692,dash,2024-04-28,204
986,41,41,sso,2023-09-07,235
987,41,41,export,2023-11-06,603
988,41,521,dash,2023-10-03,73
989,41,521,export,2023-09-08,80
990,41,401,api,2023-08-17,108
991,41,41,audit,2023-09-11,425
992,59,299,sso,2024-01-09,736
993,59,179,dash,2023-12-27,52
994,59,179,dash,2024-03-11,209
995,59,539,export,2024-02-21,614
996,59,299,export,2024-02-21,149
997,59,659,sso,2024-02-20,618
998,59,419,audit,2024-02-15,137
999,59,59,audit,2024-03-08,96
1000,80,680,audit,2024-05-03,650
1001,80,560,audit,2024-02-27,26
1002,80,320,dash,2024-05-05,54
1003,80,200,sso,2024-04-19,368
1004,80,200,export,2024-04-11,590
1005,80,320,api,2024-05-05,661
1006,83,563,sso,2024-03-17,107
1007,83,83,dash,2024-03-07,484
1008,83,683,audit,2024-03-21,187
1009,83,83,api,2024-05-06,420
1010,83,683,export,2024-03-18,700
1011,43,283,dash,2024-03-05,720
1012,43,163,sso,2024-05-16,59
1013,43,403,audit,2024-05-12,573
1014,75,315,dash,2024-06-23,640
1015,75,675,dash,2024-06-24,537
1016,75,435,export,2024-05-20,680
1017,75,315,export,2024-05-17,722
1018,75,195,audit,2024-06-07,383
1019,75,675,audit,2024-06-24,482
1020,75,435,sso,2024-07-03,634
1021,50,650,sso,2024-03-06,785
1022,50,530,sso,2024-01-17,426
1023,50,530,api,2024-03-24,468
1024,50,650,export,2024-04-13,239
1025,50,290,sso,2024-02-03,557
1026,50,650,audit,2024-02-25,428
1027,50,650,sso,2024-02-08,17
1028,16,496,sso,2023-10-16,270
1029,16,256,export,2023-10-15,194
1030,16,136,export,2023-08-07,661
1031,79,199,api,2024-11-07,16
1032,79,559,audit,2024-11-01,584
1033,79,559,api,2024-10-09,701
1034,79,319,export,2024-11-20,281
1035,79,79,dash,2024-10-20,4
1036,79,559,sso,2024-10-13,653
1037,10,610,export,2023-12-21,228
1038,10,130,dash,2023-12-22,795
1039,10,610,audit,2023-12-01,473
1040,19,379,api,2024-06-18,261
1041,19,499,audit,2024-09-06,107
1042,19,379,audit,2024-06-22,770
1043,19,139,audit,2024-08-19,462
1044,19,19,api,2024-08-24,35
1045,19,19,dash,2024-07-22,630
1046,53,413,api,2024-08-24,81
1047,53,413,dash,2024-07-18,270
1048,53,413,sso,2024-07-21,797
1049,53,653,api,2024-05-29,778
1050,53,533,export,2024-07-08,516
1051,53,413,sso,2024-05-21,490
1052,53,533,audit,2024-06-24,307
1053,53,653,audit,2024-07-21,681
1054,119,239,sso,2024-08-11,230
1055,119,479,sso,2024-07-18,65
1056,119,239,audit,2024-08-19,280
1057,119,119,audit,2024-08-21,763
1058,119,599,dash,2024-08-07,246
1059,119,599,audit,2024-10-21,14
1060,21,141,audit,2024-03-26,752
1061,21,261,export,2024-03-24,87
1062,21,621,dash,2024-05-23,722
1063,21,141,sso,2024-04-16,168
1064,39,399,sso,2024-12-22,233
1065,39,159,api,2024-11-13,337
1066,39,39,export,2024-11-12,7
1067,39,159,export,2024-10-10,489
1068,39,159,export,2024-09-15,601
1069,39,159,api,2024-09-24,151
1070,39,39,audit,2024-12-03,352
1071,39,399,audit,2024-12-17,330
1072,33,393,dash,2023-09-22,193
1073,33,633,dash,2023-09-24,118
1074,33,633,sso,2023-11-21,583
1075,33,153,audit,2023-10-30,258
1076,33,393,api,2023-10-25,722
1077,87,87,sso,2023-12-29,432
1078,87,447,dash,2024-01-11,763
1079,87,207,audit,2024-01-06,672
1080,87,327,dash,2024-01-13,705
1081,87,687,sso,2024-01-24,450
1082,87,87,api,2024-01-10,763
1083,42,642,sso,2023-10-27,422
1084,42,282,sso,2023-11-28,216
1085,42,162,audit,2023-10-23,779
1086,42,402,api,2023-11-02,382
1087,42,402,dash,2023-10-01,564
1088,23,143,sso,2024-03-23,126
1089,23,383,sso,2024-04-17,413
1090,23,23,sso,2024-02-19,658
1091,23,263,sso,2024-04-19,460
1092,9,129,export,2023-11-04,35
1093,9,609,export,2023-10-26,638
1094,9,489,api,2023-10-14,544
1095,9,609,audit,2023-10-20,575
1096,9,129,export,2023-09-19,728
1097,9,609,sso,2023-10-17,425
1098,105,105,audit,2024-11-05,300
1099,105,345,audit,2024-11-20,482
1100,105,585,sso,2024-10-27,55
1101,105,585,sso,2024-11-25,476
1102,101,101,export,2024-05-31,388
1103,101,221,api,2024-05-21,635
1104,101,341,export,2024-07-25,303
1105,101,101,audit,2024-06-19,174
1106,101,581,export,2024-05-19,134
1107,101,341,api,2024-06-05,711
1108,101,341,api,2024-05-28,375
1109,72,432,audit,2024-08-25,316
1110,72,72,audit,2024-07-10,641
1111,72,432,api,2024-08-22,233
1112,72,672,api,2024-08-27,53
1113,72,672,export,2024-07-17,477
1114,105,105,dash,2023-11-06,397
1115,105,585,audit,2023-11-21,365
1116,105,225,sso,2023-12-04,216
1117,105,465,audit,2023-11-10,129
1118,105,105,audit,2023-10-11,85
1119,105,585,audit,2023-11-05,138
1120,37,157,api,2024-03-04,654
1121,37,637,dash,2024-02-15,257
1122,37,37,export,2023-12-17,376
1123,37,37,audit,2023-12-04,783
1124,63,183,audit,2024-02-02,632
1125,63,303,sso,2024-02-22,415
1126,63,663,dash,2024-03-01,553
1127,63,543,audit,2024-03-23,520
1128,54,534,dash,2024-04-07,417
1129,54,534,audit,2024-04-24,538
1130,54,414,audit,2024-05-14,432
1131,106,346,dash,2023-09-10,215
1132,106,346,export,2023-08-21,71
1133,106,586,dash,2023-10-11,644
1134,112,232,sso,2023-08-14,748
1135,112,112,api,2023-10-05,489
1136,112,232,sso,2023-07-02,188
1137,112,592,export,2023-08-02,33
1138,112,232,dash,2023-07-30,47
1139,112,472,audit,2023-08-08,536
1140,112,352,sso,2023-08-28,379
1141,2,122,api,2023-06-29,161
1142,2,242,export,2023-08-10,224
1143,2,602,api,2023-09-04,85
1144,2,482,sso,2023-08-31,650
1145,2,602,dash,2023-06-27,32
1146,37,517,export,2024-01-29,705
1147,37,397,export,2023-12-11,120
1148,37,637,sso,2024-01-04,593
1149,37,637,api,2024-01-21,733
1150,37,637,sso,2024-02-14,618
1151,37,277,dash,2024-02-16,199
1152,5,125,export,2024-06-07,532
1153,5,125,sso,2024-07-31,386
1154,5,365,audit,2024-06-19,49
1155,5,605,export,2024-08-05,667
1156,5,245,export,2024-06-13,760
1157,5,605,audit,2024-08-18,716
1158,5,605,sso,2024-06-07,526
1159,37,37,api,2024-10-20,282
1160,37,157,sso,2024-10-26,103
1161,37,637,export,2024-10-10,579
1162,37,37,sso,2024-10-17,124
1163,37,397,sso,2024-08-24,173
1164,37,157,dash,2024-08-03,392
1165,37,517,api,2024-10-09,554
1166,110,470,dash,2024-11-09,100
1167,110,590,dash,2024-12-03,728
1168,110,230,audit,2024-10-13,103
1169,110,110,api,2024-11-14,136
1170,110,590,sso,2025-01-07,705
1171,110,230,api,2024-12-19,3
1172,110,110,api,2024-10-06,759
1173,69,429,dash,2024-03-12,543
1174,69,69,audit,2024-03-24,137
1175,69,69,audit,2024-04-18,258
1176,69,69,dash,2024-02-25,213
1177,69,549,dash,2024-04-01,775
1178,69,429,audit,2024-04-09,388
1179,15,495,audit,2024-12-18,565
1180,15,15,dash,2024-09-30,314
1181,15,255,sso,2024-11-06,355
1182,87,327,api,2023-10-16,649
1183,87,687,sso,2024-01-06,413
1184,87,687,export,2023-10-09,226
1185,87,87,dash,2023-11-20,593
1186,101,461,dash,2024-11-11,95
1187,101,581,export,2024-12-21,130
1188,101,461,api,2024-12-28,656
1189,101,101,audit,2024-10-27,469
1190,101,221,export,2024-12-16,623
1191,101,101,audit,2024-10-09,647
1192,101,101,api,2024-12-21,595
1193,55,175,audit,2024-02-23,271
1194,55,295,sso,2024-03-09,324
1195,55,295,export,2024-04-19,241
1196,55,295,export,2024-03-25,740
1197,41,521,sso,2023-10-23,500
1198,41,41,api,2023-10-02,404
1199,41,641,audit,2023-11-28,208
1200,41,281,dash,2023-10-18,521
1201,41,521,api,2023-11-17,698
1202,41,41,sso,2023-09-13,523
1203,25,145,audit,2023-08-08,198
1204,25,25,dash,2023-09-17,224
1205,25,385,sso,2023-07-22,137
1206,9,9,dash,2023-12-30,152
1207,9,249,dash,2023-12-03,614
1208,9,249,sso,2023-11-21,545
1209,9,369,sso,2023-12-20,680
1210,9,489,api,2023-12-06,594
1211,9,249,audit,2023-12-08,32
1212,9,129,audit,2023-11-29,366
1213,9,609,sso,2024-02-23,67
1214,2,242,export,2024-12-18,47
1215,2,482,export,2024-12-04,304
1216,2,2,export,2024-10-28,191
1217,2,602,sso,2024-11-26,63
1218,2,362,api,2024-12-26,243
1219,2,602,audit,2024-12-15,150
1220,2,122,audit,2024-09-29,750
1221,113,233,audit,2024-06-25,401
1222,113,113,api,2024-06-04,583
1223,113,473,sso,2024-06-18,450
1224,113,233,sso,2024-06-25,319
1225,113,473,dash,2024-06-13,640
1226,113,353,api,2024-09-01,434
1227,113,353,dash,2024-06-21,30
1228,113,473,export,2024-06-22,150
1229,85,85,sso,2023-10-06,438
1230,85,565,sso,2023-10-23,2
1231,85,565,dash,2023-08-18,207
1232,85,85,sso,2023-09-23,698
1233,85,685,export,2023-09-24,445
1234,85,85,audit,2023-10-15,564
1235,7,607,sso,2024-09-09,137
1236,7,127,sso,2024-10-15,139
1237,7,127,export,2024-10-03,528
1238,7,487,dash,2024-07-25,167
1239,113,113,api,2024-11-18,447
1240,113,473,sso,2024-12-22,653
1241,113,593,sso,2024-12-25,477
1242,113,113,dash,2024-11-16,324
1243,59,419,export,2024-09-11,637
1244,59,539,audit,2024-09-13,363
1245,59,539,audit,2024-10-15,386
1246,2,482,dash,2023-09-26,481
1247,2,2,dash,2023-11-18,55
1248,2,362,sso,2023-12-15,512
1249,2,362,sso,2023-12-09,622
1250,2,2,sso,2023-10-29,261
1251,2,602,export,2023-10-28,469
1252,5,5,api,2024-05-08,756
1253,5,605,export,2024-02-23,664
1254,5,245,api,2024-02-15,43
1255,5,245,api,2024-03-23,171
1256,62,302,sso,2024-01-08,387
1257,62,182,export,2023-11-11,543
1258,62,182,export,2023-12-01,231
1259,86,326,audit,2024-04-26,605
1260,86,206,api,2024-06-07,79
1261,86,446,export,2024-06-10,91
1262,86,686,audit,2024-06-26,501
1263,86,206,sso,2024-04-17,677
1264,86,686,export,2024-04-30,709
1265,86,566,export,2024-06-07,494
1266,25,385,dash,2024-08-16,416
1267,25,385,audit,2024-06-27,486
1268,25,385,dash,2024-06-17,198
1269,25,265,api,2024-08-04,481
1270,31,631,sso,2024-06-27,567
1271,31,271,export,2024-07-04,83
1272,31,31,dash,2024-06-02,333
1273,47,527,dash,2024-01-28,553
1274,47,287,sso,2024-02-09,78
1275,47,47,export,2024-01-31,11
1276,47,407,dash,2024-01-18,283
1277,10,10,sso,2024-11-12,446
1278,10,490,audit,2024-10-30,230
1279,10,250,export,2025-01-06,434
1280,10,490,api,2024-11-12,233
1281,106,586,dash,2023-10-16,568
1282,106,466,audit,2023-09-20,721
1283,106,346,export,2023-08-07,279
1284,106,106,export,2023-09-30,562
1285,32,392,audit,2024-06-19,667
1286,32,392,sso,2024-08-10,516
1287,32,512,sso,2024-07-15,586
1288,32,32,audit,2024-06-05,286
1289,80,320,sso,2024-06-07,542
1290,80,680,export,2024-08-14,570
1291,80,200,export,2024-06-14,319
1292,80,440,audit,2024-08-26,323
1293,80,680,export,2024-07-20,134
1294,80,200,sso,2024-06-09,490
1295,116,116,audit,2023-06-06,179
1296,116,476,audit,2023-08-11,89
1297,116,116,dash,2023-07-04,722
1298,116,476,audit,2023-08-30,392
1299,116,356,audit,2023-07-13,754
1300,116,476,api,2023-07-07,190
1301,116,476,dash,2023-08-04,133
1302,17,497,audit,2023-10-03,361
1303,17,137,dash,2023-07-31,89
1304,17,17,audit,2023-07-13,468
1305,17,17,dash,2023-08-30,286
1306,17,497,audit,2023-07-29,316
1307,17,137,export,2023-07-08,755
1308,17,257,dash,2023-09-22,571
1309,49,289,api,2023-12-22,174
1310,49,409,dash,2023-12-07,538
1311,49,289,api,2024-02-05,255
1312,49,409,dash,2023-12-06,324
1313,49,409,dash,2024-01-25,415
1314,49,169,api,2024-01-11,489
1315,49,529,dash,2024-01-07,261
1316,117,597,dash,2024-04-18,86
1317,117,117,audit,2024-05-18,763
1318,117,117,api,2024-04-23,563
1319,117,597,audit,2024-05-31,765
1320,117,237,audit,2024-07-02,600
1321,117,117,dash,2024-04-11,344
1322,117,117,dash,2024-07-04,10
1323,115,115,dash,2023-08-10,72
1324,115,355,audit,2023-08-03,600
1325,115,475,sso,2023-07-17,174
1326,115,355,sso,2023-09-19,300
1327,101,101,export,2024-05-29,447
1328,101,101,sso,2024-07-08,52
1329,101,101,audit,2024-08-26,795
1330,101,461,export,2024-08-28,664
1331,13,133,sso,2023-10-13,688
1332,13,253,audit,2023-12-13,133
1333,13,613,api,2023-11-16,756
1334,13,493,dash,2023-12-04,463
1335,13,253,export,2023-12-09,270
1336,103,343,sso,2023-11-14,277
1337,103,343,sso,2023-11-20,718
1338,103,583,api,2023-10-15,681
1339,103,343,sso,2023-12-16,684
1340,103,223,dash,2023-09-23,270
1341,103,103,dash,2023-12-23,355
1342,35,515,export,2024-08-10,449
1343,35,275,export,2024-09-06,74
1344,35,395,dash,2024-08-29,122
1345,35,275,export,2024-09-27,224
1346,35,635,sso,2024-10-15,538
1347,114,354,dash,2023-11-15,234
1348,114,354,export,2023-12-05,574
1349,114,354,dash,2024-01-24,372
1350,114,354,audit,2023-12-11,524
1351,26,146,api,2024-11-29,518
1352,26,506,sso,2024-11-12,59
1353,26,506,api,2024-10-18,184
1354,26,626,sso,2024-12-11,740
1355,26,26,api,2025-01-15,721
1356,26,626,export,2024-11-25,501
1357,81,321,export,2024-10-30,219
1358,81,441,export,2024-11-19,323
1359,81,681,export,2024-10-11,82
1360,81,681,export,2024-09-04,637
1361,81,81,api,2024-10-25,745
1362,81,81,sso,2024-10-04,271
1363,28,508,audit,2024-04-07,354
1364,28,628,audit,2024-02-25,121
1365,28,628,sso,2024-01-09,408
1366,41,641,dash,2024-07-13,158
1367,41,161,sso,2024-07-09,620
1368,41,41,dash,2024-07-17,329
1369,41,161,api,2024-08-04,799
1370,41,401,audit,2024-08-04,14
1371,36,396,sso,2024-10-23,53
1372,36,276,audit,2024-08-09,432
1373,36,36,sso,2024-09-03,717
1374,36,636,export,2024-10-17,617
1375,36,636,api,2024-11-05,792
1376,36,396,sso,2024-08-23,196
1377,26,506,export,2023-11-29,398
1378,26,266,api,2023-12-06,23
1379,26,26,export,2023-12-22,410
1380,26,386,api,2023-10-30,283
1381,67,547,api,2024-01-31,445
1382,67,427,dash,2024-03-21,624
1383,67,307,audit,2024-03-27,446
1384,67,187,dash,2024-03-27,745
1385,67,667,audit,2024-03-04,406
1386,67,67,audit,2024-03-28,57
1387,67,547,api,2024-03-05,521
1388,67,427,dash,2024-03-24,127
1389,13,613,audit,2024-06-03,151
1390,13,493,audit,2024-03-14,202
1391,13,253,audit,2024-04-19,391
1392,66,546,export,2024-07-03,536
1393,66,546,api,2024-07-02,258
1394,66,426,api,2024-05-26,255
1395,66,426,audit,2024-04-24,552
1396,66,666,dash,2024-05-13,562
1397,66,546,audit,2024-04-28,335
1398,66,426,api,2024-06-27,432
1399,66,306,api,2024-04-07,617
1400,105,225,sso,2024-12-13,680
1401,105,225,export,2024-10-02,289
1402,105,345,export,2024-12-08,441
1403,105,465,api,2024-11-13,389
1404,105,225,sso,2024-12-14,311
1405,105,105,sso,2024-12-30,182
1406,105,105,export,2024-12-27,726
1407,8,608,sso,2023-08-26,451
1408,8,248,api,2023-08-22,311
1409,8,8,dash,2023-07-02,442
1410,8,368,api,2023-07-19,505
1411,8,248,dash,2023-08-15,702
1412,8,8,audit,2023-08-14,129
1413,8,8,audit,2023-08-28,394
1414,101,101,sso,2023-11-29,192
1415,101,101,export,2023-12-08,477
1416,101,341,export,2023-11-27,770
1417,101,341,audit,2023-12-01,490
1418,72,72,export,2023-09-09,332
1419,72,312,audit,2023-09-04,756
1420,72,552,dash,2023-07-03,444
1421,63,183,audit,2024-07-13,676
1422,63,663,dash,2024-08-09,78
1423,63,63,audit,2024-06-08,275
1424,63,303,audit,2024-08-26,329
1425,63,63,export,2024-07-16,127
1426,63,63,sso,2024-06-11,150
1427,49,289,api,2024-04-13,501
1428,49,529,export,2024-06-17,68
1429,49,529,dash,2024-06-06,673
1430,66,306,sso,2024-04-05,609
1431,66,426,audit,2024-05-19,663
1432,66,426,dash,2024-05-04,455
1433,66,546,export,2024-05-22,221
1434,9,129,api,2023-08-23,363
1435,9,609,dash,2023-06-18,504
1436,9,369,dash,2023-08-02,10
1437,80,320,sso,2024-10-22,95
1438,80,320,audit,2024-09-18,266
1439,80,200,audit,2024-10-19,14
1440,57,657,audit,2024-02-05,688
1441,57,657,audit,2023-12-11,141
1442,57,177,api,2023-12-23,505
1443,62,542,sso,2024-07-11,22
1444,62,542,audit,2024-06-06,663
1445,62,422,api,2024-07-20,493
1446,62,302,audit,2024-06-01,100
1447,62,182,dash,2024-07-12,200
1448,62,662,audit,2024-07-03,685
1449,62,62,dash,2024-05-15,616
1450,62,422,api,2024-05-18,18
1451,58,538,sso,2024-10-06,703
1452,58,658,audit,2024-11-14,699
1453,58,58,sso,2025-01-01,696
1454,58,58,audit,2024-12-08,572
1455,58,538,dash,2024-11-27,269
1456,58,58,export,2024-10-12,593
1457,58,178,dash,2024-10-02,551
1458,98,578,api,2023-09-20,391
1459,98,458,sso,2023-08-29,526
1460,98,458,sso,2023-07-23,466
1461,98,578,sso,2023-09-16,684
1462,98,578,audit,2023-07-13,62
1463,98,98,dash,2023-09-11,437
1464,98,578,export,2023-09-25,554
1465,98,98,api,2023-07-19,500
1466,65,425,dash,2024-04-13,221
1467,65,665,sso,2024-04-25,337
1468,65,665,dash,2024-05-12,322
1469,65,425,export,2024-05-04,451
1470,65,425,export,2024-03-27,130
1471,65,185,audit,2024-05-03,422
1472,65,65,audit,2024-03-07,582
1473,65,305,api,2024-05-14,555
1474,32,32,export,2024-04-06,335
1475,32,32,export,2024-03-29,504
1476,32,392,api,2024-04-03,4
1477,32,272,audit,2024-03-10,549
1478,32,32,sso,2024-04-07,568
1479,32,632,audit,2024-02-26,439
1480,32,272,audit,2024-02-19,455
1481,32,392,sso,2024-03-11,64
1482,94,454,export,2023-12-15,767
1483,94,454,audit,2023-11-16,355
1484,94,94,sso,2023-12-16,267
1485,94,334,api,2023-12-09,381
1486,94,694,audit,2023-10-01,713
1487,94,694,export,2023-10-02,105
1488,94,334,dash,2023-11-20,791
1489,94,694,sso,2024-01-05,721
1490,107,587,audit,2023-09-15,787
1491,107,467,export,2023-11-22,662
1492,107,587,audit,2023-12-07,201
1493,107,227,api,2023-12-03,567
1494,107,227,export,2023-11-12,259
1495,107,227,export,2023-09-09,375
1496,107,347,sso,2023-10-20,77
1497,114,354,api,2024-08-10,383
1498,114,114,api,2024-08-14,678
1499,114,594,sso,2024-06-08,63
1500,114,474,api,2024-07-27,558
1501,114,594,export,2024-08-07,393
1502,114,354,dash,2024-08-29,86
1503,68,428,dash,2024-01-16,265
1504,68,668,audit,2023-10-13,460
1505,68,68,audit,2023-12-04,46
1506,68,188,export,2023-11-29,766
1507,68,428,sso,2023-12-07,320
1508,68,668,dash,2023-11-29,233
1509,68,188,api,2023-10-16,241
1510,67,67,export,2024-01-23,305
1511,67,427,dash,2023-11-12,402
1512,67,547,sso,2023-12-07,487
1513,67,67,api,2024-01-06,733
1514,67,547,api,2023-12-30,259
1515,67,307,api,2023-10-25,477
1516,67,307,sso,2023-12-07,625
1517,24,384,dash,2024-11-13,588
1518,24,384,api,2024-10-11,233
1519,24,264,export,2024-11-02,80
1520,24,384,audit,2024-12-15,327
1521,24,384,api,2024-11-27,603
1522,24,384,audit,2024-09-26,612
1523,20,380,api,2023-10-27,601
1524,20,620,audit,2023-08-15,289
1525,20,500,dash,2023-09-22,107
1526,20,20,sso,2023-10-09,295
1527,20,380,api,2023-10-06,18
1528,35,275,api,2024-07-19,331
1529,35,515,dash,2024-06-11,601
1530,35,155,dash,2024-07-07,662
1531,35,395,dash,2024-07-16,173
1532,35,515,api,2024-07-27,231
1533,39,639,audit,2024-08-01,360
1534,39,39,export,2024-08-17,263
1535,39,39,audit,2024-09-22,117
1536,92,92,dash,2024-02-18,554
1537,92,92,export,2024-05-26,494
1538,92,92,api,2024-05-18,726
1539,92,692,api,2024-05-19,652
1540,92,212,api,2024-05-08,468
1541,68,548,audit,2024-01-26,284
1542,68,548,export,2023-12-02,716
1543,68,68,dash,2024-02-20,14
1544,68,68,api,2023-12-27,310
1545,68,428,audit,2023-11-14,117
1546,68,188,dash,2023-12-19,176
1547,68,308,audit,2024-01-10,540
1548,74,554,sso,2024-03-08,438
1549,74,194,audit,2024-03-24,723
1550,74,314,export,2024-03-05,536
1551,74,434,export,2024-04-21,245
1552,74,674,audit,2024-02-28,783
1553,74,434,dash,2024-04-06,509
1554,74,554,export,2024-05-03,691
1555,85,325,export,2024-10-20,109
1556,85,685,dash,2024-11-14,668
1557,85,325,audit,2024-09-20,326
1558,85,325,api,2024-08-16,29
1559,85,85,export,2024-10-27,565
1560,85,85,export,2024-11-17,617
1561,85,445,dash,2024-11-23,38
1562,64,424,dash,2024-04-12,790
1563,64,544,export,2024-04-04,213
1564,64,304,sso,2024-03-29,218
1565,64,304,audit,2024-02-27,236
1566,64,184,sso,2024-02-12,57
1567,120,480,dash,2024-02-24,522
1568,120,360,sso,2024-02-10,54
1569,120,480,api,2024-02-06,282
1570,120,240,api,2024-03-26,57
1571,120,360,sso,2024-01-31,389
1572,120,240,dash,2024-02-23,1
1573,120,480,sso,2024-02-27,519
1574,120,480,audit,2024-04-23,504
1575,49,649,audit,2023-08-12,523
1576,49,49,api,2023-07-31,294
1577,49,169,api,2023-08-13,665
1578,49,49,export,2023-09-11,158
1579,49,169,dash,2023-08-09,575
1580,49,649,sso,2023-07-29,283
1581,49,649,dash,2023-07-27,542
1582,49,289,sso,2023-08-22,141
1583,86,86,dash,2024-03-30,378
1584,86,446,audit,2024-04-12,282
1585,86,566,dash,2024-01-22,284
1586,86,86,api,2024-04-07,443
1587,86,206,audit,2024-02-21,176
1588,86,206,audit,2024-01-16,347
1589,86,206,dash,2024-02-29,524
1590,34,634,audit,2024-04-05,43
1591,34,274,audit,2024-04-29,123
1592,34,394,dash,2024-05-11,543
1593,34,274,api,2024-06-01,283
1594,109,229,sso,2024-04-13,320
1595,109,349,api,2024-03-22,424
1596,109,469,audit,2024-04-05,601
1597,109,229,export,2024-04-29,408
1598,109,229,dash,2024-05-02,88
1599,109,109,export,2024-05-10,319
1600,109,229,api,2024-05-10,385
1601,54,174,export,2024-02-06,165
1602,54,654,export,2024-03-25,587
1603,54,54,dash,2024-01-21,556
1604,54,174,api,2024-01-17,70
1605,44,644,sso,2024-11-24,572
1606,44,164,dash,2024-09-26,603
1607,44,644,dash,2024-12-10,152
1608,44,404,export,2024-09-28,162
1609,44,404,api,2024-10-12,785
1610,77,437,api,2023-12-07,672
1611,77,77,api,2024-01-08,382
1612,77,557,export,2023-12-18,483
1613,77,437,export,2023-12-13,507
1614,77,677,export,2024-02-06,466
1615,77,197,dash,2024-02-05,694
1616,77,317,export,2024-02-15,36
1617,77,437,audit,2024-01-18,219
1618,84,204,audit,2024-10-09,202
1619,84,684,dash,2024-11-15,89
1620,84,444,export,2024-10-23,470
1621,24,264,api,2023-07-19,470
1622,24,24,sso,2023-08-22,249
1623,24,264,api,2023-07-16,746
1624,24,624,dash,2023-09-20,360
1625,24,264,dash,2023-09-21,768
1626,24,384,audit,2023-07-06,100
1627,24,264,sso,2023-06-24,745
1628,24,144,export,2023-06-25,797
1629,99,219,api,2024-07-09,754
1630,99,579,dash,2024-06-16,194
1631,99,579,api,2024-06-15,206
1632,99,579,api,2024-09-10,412
1633,99,339,api,2024-09-13,783
1634,99,579,audit,2024-07-19,34
1635,14,14,api,2024-10-19,210
1636,14,14,sso,2024-09-28,347
1637,14,14,dash,2024-09-07,266
1638,14,374,api,2023-12-10,308
1639,14,134,export,2023-12-21,190
1640,14,14,api,2023-12-22,264
1641,14,494,audit,2023-11-29,81
1642,14,254,sso,2024-01-09,689
1643,42,642,audit,2023-10-05,615
1644,42,522,audit,2023-10-02,631
1645,42,162,audit,2023-12-12,301
1646,42,162,sso,2023-10-31,196
1647,42,42,export,2023-12-16,195
1648,98,698,dash,2024-02-23,642
1649,98,578,sso,2024-03-22,99
1650,98,578,api,2024-05-10,68
1651,15,375,export,2024-10-15,347
1652,15,135,audit,2024-09-05,526
1653,15,255,dash,2024-09-05,371
1654,15,495,api,2024-09-09,249
1655,15,15,audit,2024-10-31,449
1656,90,570,api,2024-04-13,510
1657,90,450,dash,2024-06-17,278
1658,90,90,export,2024-06-15,355
1659,69,189,audit,2023-11-26,583
1660,69,69,api,2024-01-22,325
1661,69,429,export,2024-02-08,4
1662,69,189,sso,2023-12-30,560
1663,69,669,export,2023-12-02,740
1664,1,121,export,2024-01-14,74
1665,1,481,dash,2024-01-14,446
1666,1,1,dash,2024-02-08,360
1667,1,241,dash,2024-01-09,36
1668,11,371,dash,2024-10-24,481
1669,11,611,sso,2024-09-16,543
1670,11,11,dash,2024-10-27,294
1671,11,11,audit,2024-11-08,578
1672,92,692,audit,2024-01-10,452
1673,92,692,audit,2023-12-23,67
1674,92,692,audit,2024-01-16,753
1675,9,129,sso,2024-03-07,671
1676,9,129,export,2024-01-28,151
1677,9,129,dash,2024-02-15,122
1678,9,249,dash,2024-03-21,128
1679,9,9,api,2024-02-14,399
1680,9,129,export,2024-04-07,614
1681,9,129,audit,2024-03-07,771
1682,9,249,dash,2024-04-06,411
1683,53,173,dash,2024-03-05,204
1684,53,653,api,2024-01-17,286
1685,53,413,export,2024-03-18,2
1686,53,533,api,2024-02-22,419
1687,96,216,export,2024-12-23,161
1688,96,576,audit,2024-12-18,654
1689,96,336,api,2024-10-28,206
1690,93,693,sso,2023-08-04,214
1691,93,93,sso,2023-10-01,601
1692,93,453,api,2023-08-05,599
1693,93,213,dash,2023-10-23,30
1694,93,453,sso,2023-09-07,117
1695,93,573,audit,2023-08-17,771
1696,93,693,export,2023-10-05,53
1697,11,251,export,2024-05-30,631
1698,11,371,audit,2024-06-07,299
1699,11,11,audit,2024-03-17,780
1700,11,371,audit,2024-04-05,68
1701,11,371,export,2024-03-16,769
1702,11,491,export,2024-05-28,361
1703,11,491,audit,2024-05-24,730
1704,11,611,sso,2024-04-03,519
1705,57,657,export,2023-07-18,296
1706,57,657,dash,2023-09-16,585
1707,57,57,sso,2023-08-03,114
1708,57,657,api,2023-06-21,166
1709,57,537,api,2023-07-06,569
1710,113,233,sso,2024-05-13,258
1711,113,473,export,2024-03-29,600
1712,113,593,audit,2024-02-19,445
1713,113,113,sso,2024-03-25,767
1714,113,233,sso,2024-04-10,146
1715,113,113,sso,2024-05-05,387
1716,113,473,dash,2024-04-16,234
1717,113,473,dash,2024-02-13,326
1718,93,93,audit,2023-06-26,72
1719,93,333,api,2023-07-22,14
1720,93,213,audit,2023-06-30,589
1721,93,573,export,2023-07-07,48
1722,93,93,audit,2023-06-25,693
1723,93,693,audit,2023-06-14,463
1724,93,453,audit,2023-06-30,370
1725,93,93,dash,2023-07-16,95
1726,119,479,sso,2024-02-09,191
1727,119,119,audit,2024-03-23,337
1728,119,119,dash,2024-01-27,637
1729,119,119,sso,2024-03-05,43
1730,116,476,sso,2024-08-24,484
1731,116,476,export,2024-07-30,637
1732,116,476,api,2024-08-14,175
1733,117,357,dash,2024-10-02,721
1734,117,477,dash,2024-10-12,328
1735,117,237,dash,2024-12-15,718
1736,117,237,api,2024-11-30,195
1737,117,237,dash,2024-09-09,161
1738,27,507,api,2023-11-30,153
1739,27,147,sso,2023-11-27,366
1740,27,267,sso,2023-10-21,671
1741,36,276,export,2024-11-23,215
1742,36,516,audit,2024-12-25,777
1743,36,36,sso,2024-10-28,533
1744,36,516,api,2024-11-12,493
1745,36,36,sso,2024-11-18,579
1746,36,396,sso,2024-11-13,682
1747,51,171,export,2024-09-30,312
1748,51,651,dash,2024-09-02,733
1749,51,51,dash,2024-10-01,306
1750,51,651,api,2024-09-04,773
1751,51,651,audit,2024-08-13,795
1752,51,531,sso,2024-09-17,189
1753,51,411,export,2024-10-03,492
1754,51,411,dash,2024-10-13,565
1755,59,539,api,2023-12-20,234
1756,59,539,api,2023-11-29,708
1757,59,659,sso,2023-12-19,261
1758,59,659,audit,2023-12-04,49
1759,59,539,audit,2024-02-01,652
1760,112,112,audit,2024-04-01,311
1761,112,592,api,2024-03-02,27
1762,112,592,api,2024-02-27,267
1763,112,472,dash,2024-03-06,617
1764,74,434,export,2024-05-13,799
1765,74,314,audit,2024-07-06,152
1766,74,434,audit,2024-06-10,336
1767,74,434,sso,2024-07-13,101
1768,74,554,export,2024-08-02,500
1769,74,74,api,2024-05-06,186
1770,74,434,sso,2024-07-03,757
1771,47,287,sso,2024-07-15,697
1772,47,407,api,2024-10-01,592
1773,47,647,sso,2024-07-05,797
1774,47,287,export,2024-07-19,770
1775,47,407,dash,2024-09-24,683
1776,47,47,sso,2024-07-20,724
1777,4,484,audit,2024-01-26,224
1778,4,604,sso,2024-03-14,433
1779,4,244,dash,2024-01-13,221
1780,4,484,api,2024-01-07,240
1781,79,319,audit,2023-12-14,654
1782,79,319,dash,2023-12-16,7
1783,79,79,audit,2023-11-30,318
1784,79,679,audit,2024-01-05,702
1785,79,319,api,2024-01-25,461
1786,79,439,dash,2023-11-08,784
1787,120,360,export,2024-12-13,309
1788,120,480,sso,2025-01-18,65
1789,120,360,api,2025-01-10,430
1790,120,360,audit,2024-12-24,7
1791,120,120,audit,2024-11-30,239
1792,120,600,sso,2024-12-16,290
1793,120,360,sso,2024-11-12,634
1794,102,582,dash,2024-09-24,708
1795,102,582,export,2024-09-26,767
1796,102,582,dash,2024-12-28,456
1797,102,462,audit,2024-10-30,702
1798,102,102,api,2024-10-01,146
1799,102,222,audit,2024-10-03,418
1800,102,222,dash,2024-12-13,429
1801,8,248,export,2023-11-26,399
1802,8,608,sso,2023-10-26,635
1803,8,248,api,2023-11-30,663
1804,109,589,api,2024-02-17,673
1805,109,589,dash,2024-05-05,107
1806,109,589,audit,2024-02-05,171
1807,80,560,export,2024-06-26,18
1808,80,440,api,2024-07-27,500
1809,80,440,dash,2024-08-08,120
1810,98,698,api,2024-05-28,484
1811,98,218,api,2024-06-15,533
1812,98,338,api,2024-06-25,177
1813,82,322,api,2023-10-20,101
1814,82,202,dash,2023-11-27,41
1815,82,442,sso,2023-11-03,324
1816,82,442,export,2023-09-29,345
1817,82,562,dash,2023-09-10,619
1818,82,682,api,2023-10-27,564
1819,40,160,dash,2024-05-29,372
1820,40,640,dash,2024-07-06,505
1821,40,520,api,2024-07-17,141
1822,7,127,export,2024-04-08,334
1823,7,127,export,2024-02-28,272
1824,7,487,audit,2024-02-19,406
1825,7,607,export,2024-05-13,284
1826,7,607,dash,2024-04-15,156
1827,73,313,dash,2023-09-29,299
1828,73,313,api,2023-08-08,72
1829,73,73,export,2023-10-03,388
1830,73,193,audit,2023-08-15,756
1831,17,17,sso,2023-08-20,630
1832,17,17,sso,2023-09-02,444
1833,17,17,export,2023-09-20,431
1834,17,617,sso,2023-07-25,550
1835,82,682,dash,2024-08-30,338
1836,82,322,dash,2024-08-04,781
1837,82,442,api,2024-08-17,509
1838,82,682,audit,2024-09-08,345
1839,43,163,export,2024-01-25,183
1840,43,283,dash,2024-01-25,45
1841,43,283,sso,2023-12-30,413
1842,43,283,sso,2024-03-17,432
1843,43,403,dash,2024-01-22,686
1844,43,163,dash,2024-03-08,517
1845,43,283,audit,2024-03-26,307
1846,41,161,dash,2024-06-12,502
1847,41,281,export,2024-05-16,574
1848,41,401,api,2024-06-16,215
1849,41,401,api,2024-06-07,29
1850,41,41,audit,2024-03-29,596
1851,41,41,dash,2024-03-29,471
1852,92,332,sso,2023-11-10,548
1853,92,692,audit,2023-10-17,445
1854,92,572,api,2023-12-28,366
1855,92,572,dash,2023-11-01,518
1856,92,212,audit,2023-11-15,193
1857,92,692,dash,2023-12-08,759
1858,75,195,audit,2024-05-19,272
1859,75,75,export,2024-03-23,226
1860,75,555,api,2024-04-19,472
1861,75,315,audit,2024-04-15,685
1862,5,485,export,2024-01-18,421
1863,5,365,sso,2024-01-03,371
1864,5,365,sso,2024-01-21,678
1865,59,179,export,2024-06-20,408
1866,59,419,sso,2024-05-10,81
1867,59,179,export,2024-07-12,118
1868,59,59,audit,2024-05-30,339
1869,59,299,api,2024-06-29,494
1870,59,419,sso,2024-06-06,154
1871,59,299,audit,2024-06-09,688
1872,43,643,api,2024-07-13,214
1873,43,523,audit,2024-07-19,548
1874,43,523,sso,2024-06-28,13
1875,61,661,audit,2023-08-21,214
1876,61,421,dash,2023-06-15,252
1877,61,301,audit,2023-06-16,748
1878,61,61,export,2023-06-30,756
1879,61,61,sso,2023-09-08,534
1880,61,61,sso,2023-08-17,173
1881,61,301,dash,2023-08-07,711
1882,76,76,export,2024-12-09,522
1883,76,76,dash,2024-10-13,794
1884,76,556,sso,2024-10-02,326
