rg_nr,abo_nr,firma_nr,rg_dat,netto_betrag,mwst_betrag,brutto,gezahlt,rest,stat_txt
1,1,52,2023-10-28,1245.0,236.55,1481.55,1481.55,0.0,bezahlt
2,1,52,2023-11-27,1245.0,236.55,1481.55,1481.55,0.0,bezahlt
3,1,52,2023-12-27,1245.0,236.55,1481.55,1481.55,0.0,bezahlt
4,1,52,2024-01-26,1245.0,236.55,1481.55,1481.55,0.0,bezahlt
5,2,110,2023-08-01,78.0,14.82,92.82,92.82,0.0,bezahlt
6,2,110,2023-08-31,78.0,14.82,92.82,92.82,0.0,bezahlt
7,2,110,2023-09-30,78.0,14.82,92.82,92.82,0.0,bezahlt
8,3,78,2023-12-10,78.0,14.82,92.82,46.41,46.41,offen
9,4,60,2023-12-11,83096.0,15788.24,98884.24,98884.24,0.0,bezahlt
10,4,60,2024-01-10,83096.0,15788.24,98884.24,98884.24,0.0,bezahlt
11,5,16,2023-06-07,3486.0,662.34,4148.34,4148.34,0.0,bezahlt
12,5,16,2023-07-07,3486.0,662.34,4148.34,4148.34,0.0,bezahlt
13,6,106,2023-08-21,78.0,14.82,92.82,92.82,0.0,bezahlt
14,7,97,2024-03-17,105468.0,20038.92,125506.92,125506.92,0.0,bezahlt
15,7,97,2024-04-16,105468.0,20038.92,125506.92,125506.92,0.0,bezahlt
16,7,97,2024-05-16,105468.0,20038.92,125506.92,125506.92,0.0,bezahlt
17,7,97,2024-06-15,105468.0,20038.92,125506.92,125506.92,0.0,bezahlt
18,8,34,2023-11-12,78.0,14.82,92.82,92.82,0.0,bezahlt
19,9,85,2023-06-06,90287.0,17154.53,107441.53,107441.53,0.0,bezahlt
20,9,85,2023-07-06,90287.0,17154.53,107441.53,0.0,107441.53,offen
21,10,99,2024-06-30,79900.0,15181.0,95081.0,95081.0,0.0,bezahlt
22,10,99,2024-07-30,79900.0,15181.0,95081.0,95081.0,0.0,bezahlt
23,10,99,2024-08-29,79900.0,15181.0,95081.0,95081.0,0.0,bezahlt
24,11,9,2024-07-25,97478.0,18520.82,115998.82,115998.82,0.0,bezahlt
25,12,63,2024-01-23,8789.0,1669.91,10458.91,10458.91,0.0,bezahlt
26,12,63,2024-02-22,8789.0,1669.91,10458.91,5229.45,5229.46,offen
27,13,19,2024-03-29,39.0,7.41,46.41,46.41,0.0,bezahlt
28,13,19,2024-04-28,39.0,7.41,46.41,0.0,46.41,offen
29,13,19,2024-05-28,39.0,7.41,46.41,46.41,0.0,bezahlt
30,14,94,2023-10-21,78.0,14.82,92.82,0.0,92.82,offen
31,15,11,2023-09-25,198.0,37.62,235.62,0.0,235.62,offen
32,16,22,2024-01-06,594.0,112.86,706.86,706.86,0.0,bezahlt
33,16,22,2024-02-05,594.0,112.86,706.86,706.86,0.0,bezahlt
34,17,78,2024-06-23,78.0,14.82,92.82,92.82,0.0,bezahlt
35,17,78,2024-07-23,78.0,14.82,92.82,92.82,0.0,bezahlt
36,18,69,2023-11-02,78.0,14.82,92.82,92.82,0.0,bezahlt
37,18,69,2023-12-02,78.0,14.82,92.82,0.0,92.82,offen
38,18,69,2024-01-01,78.0,14.82,92.82,92.82,0.0,bezahlt
39,18,69,2024-01-31,78.0,14.82,92.82,92.82,0.0,bezahlt
40,19,27,2024-09-27,51136.0,9715.84,60851.84,60851.84,0.0,bezahlt
41,19,27,2024-10-27,51136.0,9715.84,60851.84,30425.92,30425.92,offen
42,20,81,2024-10-10,297.0,56.43,353.43,353.43,0.0,bezahlt
43,20,81,2024-11-09,297.0,56.43,353.43,353.43,0.0,bezahlt
44,20,81,2024-12-09,297.0,56.43,353.43,353.43,0.0,bezahlt
45,21,90,2023-11-23,1494.0,283.86,1777.86,1777.86,0.0,bezahlt
46,21,90,2023-12-23,1494.0,283.86,1777.86,0.0,1777.86,offen
47,22,5,2024-02-22,99.0,18.81,117.81,117.81,0.0,bezahlt
48,22,5,2024-03-23,99.0,18.81,117.81,117.81,0.0,bezahlt
49,22,5,2024-04-22,99.0,18.81,117.81,117.81,0.0,bezahlt
50,22,5,2024-05-22,99.0,18.81,117.81,117.81,0.0,bezahlt
51,23,120,2024-06-16,78.0,14.82,92.82,0.0,92.82,offen
52,23,120,2024-07-16,78.0,14.82,92.82,46.41,46.41,offen
53,23,120,2024-08-15,78.0,14.82,92.82,0.0,92.82,offen
54,23,120,2024-09-14,78.0,14.82,92.82,0.0,92.82,offen
55,24,115,2024-02-24,39.0,7.41,46.41,46.41,0.0,bezahlt
56,25,81,2024-03-08,7221.0,1371.99,8592.99,8592.99,0.0,bezahlt
57,25,81,2024-04-07,7221.0,1371.99,8592.99,8592.99,0.0,bezahlt
58,26,56,2024-02-12,39.0,7.41,46.41,46.41,0.0,bezahlt
59,26,56,2024-03-13,39.0,7.41,46.41,46.41,0.0,bezahlt
60,26,56,2024-04-12,39.0,7.41,46.41,46.41,0.0,bezahlt
61,26,56,2024-05-12,39.0,7.41,46.41,23.2,23.21,offen
62,27,37,2024-04-27,498.0,94.62,592.62,592.62,0.0,bezahlt
63,28,96,2024-04-12,2490.0,473.1,2963.1,2963.1,0.0,bezahlt
64,28,96,2024-05-12,2490.0,473.1,2963.1,2963.1,0.0,bezahlt
65,28,96,2024-06-11,2490.0,473.1,2963.1,2963.1,0.0,bezahlt
66,29,98,2024-10-04,39.0,7.41,46.41,23.2,23.21,offen
67,29,98,2024-11-03,39.0,7.41,46.41,46.41,0.0,bezahlt
68,29,98,2024-12-03,39.0,7.41,46.41,46.41,0.0,bezahlt
69,29,98,2025-01-02,39.0,7.41,46.41,46.41,0.0,bezahlt
70,30,34,2024-06-30,3735.0,709.65,4444.65,4444.65,0.0,bezahlt
71,31,48,2024-04-22,1598.0,303.62,1901.62,1901.62,0.0,bezahlt
72,31,48,2024-05-22,1598.0,303.62,1901.62,1901.62,0.0,bezahlt
73,31,48,2024-06-21,1598.0,303.62,1901.62,1901.62,0.0,bezahlt
74,32,58,2023-07-31,1494.0,283.86,1777.86,1777.86,0.0,bezahlt
75,32,58,2023-08-30,1494.0,283.86,1777.86,1777.86,0.0,bezahlt
76,33,55,2023-10-20,78.0,14.82,92.82,92.82,0.0,bezahlt
77,34,119,2023-09-12,39.0,7.41,46.41,46.41,0.0,bezahlt
78,35,105,2024-02-27,198.0,37.62,235.62,235.62,0.0,bezahlt
79,35,105,2024-03-28,198.0,37.62,235.62,235.62,0.0,bezahlt
80,35,105,2024-04-27,198.0,37.62,235.62,235.62,0.0,bezahlt
81,36,120,2023-08-28,198.0,37.62,235.62,235.62,0.0,bezahlt
82,37,102,2024-01-19,4233.0,804.27,5037.27,5037.27,0.0,bezahlt
83,37,102,2024-02-18,4233.0,804.27,5037.27,5037.27,0.0,bezahlt
84,37,102,2024-03-19,4233.0,804.27,5037.27,2518.64,2518.63,offen
85,38,59,2024-07-22,39.0,7.41,46.41,23.2,23.21,offen
86,38,59,2024-08-21,39.0,7.41,46.41,46.41,0.0,bezahlt
87,38,59,2024-09-20,39.0,7.41,46.41,0.0,46.41,offen
88,38,59,2024-10-20,39.0,7.41,46.41,46.41,0.0,bezahlt
89,39,49,2024-07-27,53533.0,10171.27,63704.27,0.0,63704.27,offen
90,39,49,2024-08-26,53533.0,10171.27,63704.27,63704.27,0.0,bezahlt
91,40,64,2023-08-13,396.0,75.24,471.24,471.24,0.0,bezahlt
92,40,64,2023-09-12,396.0,75.24,471.24,235.62,235.62,offen
93,40,64,2023-10-12,396.0,75.24,471.24,471.24,0.0,bezahlt
94,40,64,2023-11-11,396.0,75.24,471.24,471.24,0.0,bezahlt
95,41,94,2024-05-28,78.0,14.82,92.82,92.82,0.0,bezahlt
96,41,94,2024-06-27,78.0,14.82,92.82,92.82,0.0,bezahlt
97,42,75,2023-07-26,6474.0,1230.06,7704.06,7704.06,0.0,bezahlt
98,42,75,2023-08-25,6474.0,1230.06,7704.06,7704.06,0.0,bezahlt
99,42,75,2023-09-24,6474.0,1230.06,7704.06,7704.06,0.0,bezahlt
100,43,104,2024-07-09,2490.0,473.1,2963.1,2963.1,0.0,bezahlt
101,44,26,2024-05-13,47940.0,9108.6,57048.6,57048.6,0.0,bezahlt
102,45,20,2024-06-27,99.0,18.81,117.81,117.81,0.0,bezahlt
103,45,20,2024-07-27,99.0,18.81,117.81,117.81,0.0,bezahlt
104,45,20,2024-08-26,99.0,18.81,117.81,117.81,0.0,bezahlt
105,46,80,2023-10-21,96679.0,18369.01,115048.01,115048.01,0.0,bezahlt
106,46,80,2023-11-20,96679.0,18369.01,115048.01,115048.01,0.0,bezahlt
107,46,80,2023-12-20,96679.0,18369.01,115048.01,115048.01,0.0,bezahlt
108,46,80,2024-01-19,96679.0,18369.01,115048.01,57524.0,57524.01,offen
109,47,50,2023-12-04,747.0,141.93,888.93,888.93,0.0,bezahlt
110,47,50,2024-01-03,747.0,141.93,888.93,888.93,0.0,bezahlt
111,47,50,2024-02-02,747.0,141.93,888.93,888.93,0.0,bezahlt
112,47,50,2024-03-03,747.0,141.93,888.93,888.93,0.0,bezahlt
113,48,93,2023-09-15,105468.0,20038.92,125506.92,125506.92,0.0,bezahlt
114,48,93,2023-10-15,105468.0,20038.92,125506.92,62753.46,62753.46,offen
115,48,93,2023-11-14,105468.0,20038.92,125506.92,62753.46,62753.46,offen
116,49,98,2024-06-17,39.0,7.41,46.41,46.41,0.0,bezahlt
117,49,98,2024-07-17,39.0,7.41,46.41,0.0,46.41,offen
118,49,98,2024-08-16,39.0,7.41,46.41,46.41,0.0,bezahlt
119,49,98,2024-09-15,39.0,7.41,46.41,46.41,0.0,bezahlt
120,50,17,2024-01-07,78.0,14.82,92.82,92.82,0.0,bezahlt
121,50,17,2024-02-06,78.0,14.82,92.82,92.82,0.0,bezahlt
122,50,17,2024-03-07,78.0,14.82,92.82,46.41,46.41,offen
123,50,17,2024-04-06,78.0,14.82,92.82,92.82,0.0,bezahlt
124,51,69,2024-03-14,198.0,37.62,235.62,117.81,117.81,offen
125,51,69,2024-04-13,198.0,37.62,235.62,117.81,117.81,offen
126,51,69,2024-05-13,198.0,37.62,235.62,235.62,0.0,bezahlt
127,52,91,2024-08-08,71910.0,13662.9,85572.9,42786.45,42786.45,offen
128,53,81,2023-11-19,99.0,18.81,117.81,58.91,58.9,offen
129,54,32,2024-08-09,297.0,56.43,353.43,0.0,353.43,offen
130,54,32,2024-09-08,297.0,56.43,353.43,0.0,353.43,offen
131,55,106,2023-11-26,15181.0,2884.39,18065.39,18065.39,0.0,bezahlt
132,55,106,2023-12-26,15181.0,2884.39,18065.39,18065.39,0.0,bezahlt
133,55,106,2024-01-25,15181.0,2884.39,18065.39,18065.39,0.0,bezahlt
134,55,106,2024-02-24,15181.0,2884.39,18065.39,18065.39,0.0,bezahlt
135,56,63,2024-03-03,78.0,14.82,92.82,92.82,0.0,bezahlt
136,56,63,2024-04-02,78.0,14.82,92.82,92.82,0.0,bezahlt
137,57,17,2023-06-07,3735.0,709.65,4444.65,0.0,4444.65,offen
138,57,17,2023-07-07,3735.0,709.65,4444.65,2222.32,2222.33,offen
139,57,17,2023-08-06,3735.0,709.65,4444.65,4444.65,0.0,bezahlt
140,58,17,2024-04-04,799.0,151.81,950.81,950.81,0.0,bezahlt
141,58,17,2024-05-04,799.0,151.81,950.81,475.4,475.41,offen
142,58,17,2024-06-03,799.0,151.81,950.81,950.81,0.0,bezahlt
143,59,6,2023-08-31,396.0,75.24,471.24,471.24,0.0,bezahlt
144,59,6,2023-09-30,396.0,75.24,471.24,235.62,235.62,offen
145,59,6,2023-10-30,396.0,75.24,471.24,0.0,471.24,offen
146,60,23,2023-09-06,693.0,131.67,824.67,824.67,0.0,bezahlt
147,61,94,2024-05-28,44744.0,8501.36,53245.36,53245.36,0.0,bezahlt
148,61,94,2024-06-27,44744.0,8501.36,53245.36,53245.36,0.0,bezahlt
149,62,78,2024-03-03,6474.0,1230.06,7704.06,7704.06,0.0,bezahlt
150,62,78,2024-04-02,6474.0,1230.06,7704.06,0.0,7704.06,offen
151,62,78,2024-05-02,6474.0,1230.06,7704.06,3852.03,3852.03,offen
152,62,78,2024-06-01,6474.0,1230.06,7704.06,7704.06,0.0,bezahlt
153,63,50,2024-07-25,996.0,189.24,1185.24,592.62,592.62,offen
154,64,80,2024-06-16,78.0,14.82,92.82,92.82,0.0,bezahlt
155,64,80,2024-07-16,78.0,14.82,92.82,92.82,0.0,bezahlt
156,64,80,2024-08-15,78.0,14.82,92.82,92.82,0.0,bezahlt
157,64,80,2024-09-14,78.0,14.82,92.82,0.0,92.82,offen
158,65,27,2023-12-01,47141.0,8956.79,56097.79,56097.79,0.0,bezahlt
159,65,27,2023-12-31,47141.0,8956.79,56097.79,56097.79,0.0,bezahlt
160,65,27,2024-01-30,47141.0,8956.79,56097.79,28048.9,28048.89,offen
161,66,77,2023-06-09,98277.0,18672.63,116949.63,116949.63,0.0,bezahlt
162,66,77,2023-07-09,98277.0,18672.63,116949.63,0.0,116949.63,offen
163,66,77,2023-08-08,98277.0,18672.63,116949.63,116949.63,0.0,bezahlt
164,66,77,2023-09-07,98277.0,18672.63,116949.63,116949.63,0.0,bezahlt
165,67,82,2024-09-11,1494.0,283.86,1777.86,888.93,888.93,offen
166,67,82,2024-10-11,1494.0,283.86,1777.86,1777.86,0.0,bezahlt
167,68,72,2023-09-17,99.0,18.81,117.81,117.81,0.0,bezahlt
168,68,72,2023-10-17,99.0,18.81,117.81,117.81,0.0,bezahlt
169,69,64,2024-10-02,5593.0,1062.67,6655.67,6655.67,0.0,bezahlt
170,69,64,2024-11-01,5593.0,1062.67,6655.67,6655.67,0.0,bezahlt
171,70,100,2024-05-22,5976.0,1135.44,7111.44,7111.44,0.0,bezahlt
172,70,100,2024-06-21,5976.0,1135.44,7111.44,7111.44,0.0,bezahlt
173,71,108,2024-07-28,198.0,37.62,235.62,117.81,117.81,offen
174,72,8,2024-08-09,118252.0,22467.88,140719.88,140719.88,0.0,bezahlt
175,72,8,2024-09-08,118252.0,22467.88,140719.88,140719.88,0.0,bezahlt
176,73,100,2023-11-27,396.0,75.24,471.24,471.24,0.0,bezahlt
177,73,100,2023-12-27,396.0,75.24,471.24,0.0,471.24,offen
178,73,100,2024-01-26,396.0,75.24,471.24,471.24,0.0,bezahlt
179,73,100,2024-02-25,396.0,75.24,471.24,471.24,0.0,bezahlt
180,74,78,2024-10-09,198.0,37.62,235.62,235.62,0.0,bezahlt
181,74,78,2024-11-08,198.0,37.62,235.62,235.62,0.0,bezahlt
182,74,78,2024-12-08,198.0,37.62,235.62,235.62,0.0,bezahlt
183,74,78,2025-01-07,198.0,37.62,235.62,235.62,0.0,bezahlt
184,75,52,2023-09-25,297.0,56.43,353.43,353.43,0.0,bezahlt
185,75,52,2023-10-25,297.0,56.43,353.43,353.43,0.0,bezahlt
186,76,19,2024-01-10,792.0,150.48,942.48,942.48,0.0,bezahlt
187,76,19,2024-02-09,792.0,150.48,942.48,942.48,0.0,bezahlt
188,76,19,2024-03-10,792.0,150.48,942.48,0.0,942.48,offen
189,77,86,2024-08-26,78.0,14.82,92.82,92.82,0.0,bezahlt
190,77,86,2024-09-25,78.0,14.82,92.82,46.41,46.41,offen
191,78,35,2024-02-23,297.0,56.43,353.43,353.43,0.0,bezahlt
192,78,35,2024-03-24,297.0,56.43,353.43,353.43,0.0,bezahlt
193,79,104,2024-05-21,78.0,14.82,92.82,92.82,0.0,bezahlt
194,79,104,2024-06-20,78.0,14.82,92.82,46.41,46.41,offen
195,79,104,2024-07-20,78.0,14.82,92.82,92.82,0.0,bezahlt
196,79,104,2024-08-19,78.0,14.82,92.82,0.0,92.82,offen
197,80,59,2024-08-26,693.0,131.67,824.67,824.67,0.0,bezahlt
198,80,59,2024-09-25,693.0,131.67,824.67,824.67,0.0,bezahlt
199,80,59,2024-10-25,693.0,131.67,824.67,824.67,0.0,bezahlt
200,81,93,2024-01-27,792.0,150.48,942.48,942.48,0.0,bezahlt
201,82,18,2024-07-05,39.0,7.41,46.41,46.41,0.0,bezahlt
202,82,18,2024-08-04,39.0,7.41,46.41,46.41,0.0,bezahlt
203,82,18,2024-09-03,39.0,7.41,46.41,46.41,0.0,bezahlt
204,83,120,2024-06-28,2241.0,425.79,2666.79,2666.79,0.0,bezahlt
205,83,120,2024-07-28,2241.0,425.79,2666.79,2666.79,0.0,bezahlt
206,83,120,2024-08-27,2241.0,425.79,2666.79,2666.79,0.0,bezahlt
207,83,120,2024-09-26,2241.0,425.79,2666.79,2666.79,0.0,bezahlt
208,84,109,2024-04-08,5229.0,993.51,6222.51,0.0,6222.51,offen
209,84,109,2024-05-08,5229.0,993.51,6222.51,6222.51,0.0,bezahlt
210,84,109,2024-06-07,5229.0,993.51,6222.51,6222.51,0.0,bezahlt
211,85,68,2024-07-16,2490.0,473.1,2963.1,2963.1,0.0,bezahlt
212,85,68,2024-08-15,2490.0,473.1,2963.1,0.0,2963.1,offen
213,85,68,2024-09-14,2490.0,473.1,2963.1,2963.1,0.0,bezahlt
214,85,68,2024-10-14,2490.0,473.1,2963.1,2963.1,0.0,bezahlt
215,86,35,2024-04-30,78.0,14.82,92.82,92.82,0.0,bezahlt
216,86,35,2024-05-30,78.0,14.82,92.82,92.82,0.0,bezahlt
217,86,35,2024-06-29,78.0,14.82,92.82,0.0,92.82,offen
218,86,35,2024-07-29,78.0,14.82,92.82,92.82,0.0,bezahlt
219,87,53,2023-11-29,4482.0,851.58,5333.58,2666.79,2666.79,offen
220,87,53,2023-12-29,4482.0,851.58,5333.58,5333.58,0.0,bezahlt
221,88,99,2024-03-13,996.0,189.24,1185.24,0.0,1185.24,offen
222,88,99,2024-04-12,996.0,189.24,1185.24,1185.24,0.0,bezahlt
223,88,99,2024-05-12,996.0,189.24,1185.24,1185.24,0.0,bezahlt
224,89,83,2024-05-21,99.0,18.81,117.81,0.0,117.81,offen
225,89,83,2024-06-20,99.0,18.81,117.81,117.81,0.0,bezahlt
226,89,83,2024-07-20,99.0,18.81,117.81,117.81,0.0,bezahlt
227,90,94,2024-01-22,39.0,7.41,46.41,0.0,46.41,offen
228,91,2,2023-11-14,78.0,14.82,92.82,46.41,46.41,offen
229,91,2,2023-12-14,78.0,14.82,92.82,92.82,0.0,bezahlt
230,92,20,2024-04-29,39.0,7.41,46.41,46.41,0.0,bezahlt
231,92,20,2024-05-29,39.0,7.41,46.41,46.41,0.0,bezahlt
232,92,20,2024-06-28,39.0,7.41,46.41,46.41,0.0,bezahlt
233,92,20,2024-07-28,39.0,7.41,46.41,46.41,0.0,bezahlt
234,93,93,2023-08-02,78.0,14.82,92.82,92.82,0.0,bezahlt
235,93,93,2023-09-01,78.0,14.82,92.82,92.82,0.0,bezahlt
236,93,93,2023-10-01,78.0,14.82,92.82,92.82,0.0,bezahlt
237,93,93,2023-10-31,78.0,14.82,92.82,0.0,92.82,offen
238,94,97,2024-08-20,78302.0,14877.38,93179.38,0.0,93179.38,offen
239,95,116,2024-10-04,107865.0,20494.35,128359.35,128359.35,0.0,bezahlt
240,95,116,2024-11-03,107865.0,20494.35,128359.35,128359.35,0.0,bezahlt
241,96,41,2024-05-03,594.0,112.86,706.86,0.0,706.86,offen
242,97,105,2023-09-28,3735.0,709.65,4444.65,4444.65,0.0,bezahlt
243,97,105,2023-10-28,3735.0,709.65,4444.65,4444.65,0.0,bezahlt
244,98,100,2023-08-23,39.0,7.41,46.41,23.2,23.21,offen
245,98,100,2023-09-22,39.0,7.41,46.41,46.41,0.0,bezahlt
246,98,100,2023-10-22,39.0,7.41,46.41,23.2,23.21,offen
247,98,100,2023-11-21,39.0,7.41,46.41,46.41,0.0,bezahlt
248,99,53,2023-09-22,297.0,56.43,353.43,353.43,0.0,bezahlt
249,100,120,2024-06-13,52734.0,10019.46,62753.46,31376.73,31376.73,offen
250,100,120,2024-07-13,52734.0,10019.46,62753.46,62753.46,0.0,bezahlt
251,101,36,2024-07-02,792.0,150.48,942.48,942.48,0.0,bezahlt
252,101,36,2024-08-01,792.0,150.48,942.48,0.0,942.48,offen
253,101,36,2024-08-31,792.0,150.48,942.48,942.48,0.0,bezahlt
254,101,36,2024-09-30,792.0,150.48,942.48,942.48,0.0,bezahlt
255,102,55,2024-06-12,198.0,37.62,235.62,235.62,0.0,bezahlt
256,102,55,2024-07-12,198.0,37.62,235.62,235.62,0.0,bezahlt
257,102,55,2024-08-11,198.0,37.62,235.62,235.62,0.0,bezahlt
258,102,55,2024-09-10,198.0,37.62,235.62,235.62,0.0,bezahlt
259,103,63,2024-08-18,6225.0,1182.75,7407.75,7407.75,0.0,bezahlt
260,104,82,2024-07-24,24769.0,4706.11,29475.11,29475.11,0.0,bezahlt
261,104,82,2024-08-23,24769.0,4706.11,29475.11,29475.11,0.0,bezahlt
262,104,82,2024-09-22,24769.0,4706.11,29475.11,29475.11,0.0,bezahlt
263,104,82,2024-10-22,24769.0,4706.11,29475.11,29475.11,0.0,bezahlt
264,105,6,2023-06-17,5976.0,1135.44,7111.44,7111.44,0.0,bezahlt
265,105,6,2023-07-17,5976.0,1135.44,7111.44,7111.44,0.0,bezahlt
266,105,6,2023-08-16,5976.0,1135.44,7111.44,7111.44,0.0,bezahlt
267,105,6,2023-09-15,5976.0,1135.44,7111.44,7111.44,0.0,bezahlt
268,106,112,2023-11-25,67915.0,12903.85,80818.85,80818.85,0.0,bezahlt
269,106,112,2023-12-25,67915.0,12903.85,80818.85,80818.85,0.0,bezahlt
270,107,61,2023-10-12,1992.0,378.48,2370.48,1185.24,1185.24,offen
271,107,61,2023-11-11,1992.0,378.48,2370.48,2370.48,0.0,bezahlt
272,107,61,2023-12-11,1992.0,378.48,2370.48,2370.48,0.0,bezahlt
273,107,61,2024-01-10,1992.0,378.48,2370.48,2370.48,0.0,bezahlt
274,108,34,2024-08-21,8789.0,1669.91,10458.91,10458.91,0.0,bezahlt
275,109,2,2023-09-26,66317.0,12600.23,78917.23,78917.23,0.0,bezahlt
276,109,2,2023-10-26,66317.0,12600.23,78917.23,39458.61,39458.62,offen
277,109,2,2023-11-25,66317.0,12600.23,78917.23,78917.23,0.0,bezahlt
278,109,2,2023-12-25,66317.0,12600.23,78917.23,78917.23,0.0,bezahlt
279,110,32,2023-07-08,39.0,7.41,46.41,23.2,23.21,offen
280,110,32,2023-08-07,39.0,7.41,46.41,46.41,0.0,bezahlt
281,110,32,2023-09-06,39.0,7.41,46.41,46.41,0.0,bezahlt
282,111,14,2024-07-26,249.0,47.31,296.31,296.31,0.0,bezahlt
283,111,14,2024-08-25,249.0,47.31,296.31,296.31,0.0,bezahlt
284,111,14,2024-09-24,249.0,47.31,296.31,296.31,0.0,bezahlt
285,111,14,2024-10-24,249.0,47.31,296.31,296.31,0.0,bezahlt
286,112,19,2023-09-15,78.0,14.82,92.82,92.82,0.0,bezahlt
287,113,24,2023-06-08,39.0,7.41,46.41,46.41,0.0,bezahlt
288,114,87,2024-05-31,396.0,75.24,471.24,471.24,0.0,bezahlt
289,114,87,2024-06-30,396.0,75.24,471.24,471.24,0.0,bezahlt
290,114,87,2024-07-30,396.0,75.24,471.24,0.0,471.24,offen
291,115,10,2024-08-14,73508.0,13966.52,87474.52,87474.52,0.0,bezahlt
292,115,10,2024-09-13,73508.0,13966.52,87474.52,87474.52,0.0,bezahlt
293,115,10,2024-10-13,73508.0,13966.52,87474.52,87474.52,0.0,bezahlt
294,116,101,2023-07-27,113458.0,21557.02,135015.02,135015.02,0.0,bezahlt
295,116,101,2023-08-26,113458.0,21557.02,135015.02,135015.02,0.0,bezahlt
296,117,67,2023-09-18,6723.0,1277.37,8000.37,4000.18,4000.19,offen
297,117,67,2023-10-18,6723.0,1277.37,8000.37,8000.37,0.0,bezahlt
298,118,45,2024-05-27,39.0,7.41,46.41,0.0,46.41,offen
299,118,45,2024-06-26,39.0,7.41,46.41,46.41,0.0,bezahlt
300,118,45,2024-07-26,39.0,7.41,46.41,0.0,46.41,offen
301,119,82,2023-08-10,39.0,7.41,46.41,46.41,0.0,bezahlt
302,119,82,2023-09-09,39.0,7.41,46.41,46.41,0.0,bezahlt
303,119,82,2023-10-09,39.0,7.41,46.41,46.41,0.0,bezahlt
304,119,82,2023-11-08,39.0,7.41,46.41,46.41,0.0,bezahlt
305,120,57,2024-07-27,5976.0,1135.44,7111.44,7111.44,0.0,bezahlt
306,120,57,2024-08-26,5976.0,1135.44,7111.44,7111.44,0.0,bezahlt
307,120,57,2024-09-25,5976.0,1135.44,7111.44,7111.44,0.0,bezahlt
308,120,57,2024-10-25,5976.0,1135.44,7111.44,0.0,7111.44,offen
309,121,24,2023-06-22,39.0,7.41,46.41,46.41,0.0,bezahlt
310,122,29,2023-10-31,78.0,14.82,92.82,92.82,0.0,bezahlt
311,122,29,2023-11-30,78.0,14.82,92.82,92.82,0.0,bezahlt
312,122,29,2023-12-30,78.0,14.82,92.82,92.82,0.0,bezahlt
313,122,29,2024-01-29,78.0,14.82,92.82,92.82,0.0,bezahlt
314,123,68,2024-10-03,63121.0,11992.99,75113.99,75113.99,0.0,bezahlt
315,123,68,2024-11-02,63121.0,11992.99,75113.99,75113.99,0.0,bezahlt
316,123,68,2024-12-02,63121.0,11992.99,75113.99,75113.99,0.0,bezahlt
317,124,70,2023-10-16,198.0,37.62,235.62,235.62,0.0,bezahlt
318,124,70,2023-11-15,198.0,37.62,235.62,235.62,0.0,bezahlt
319,125,61,2024-06-02,249.0,47.31,296.31,148.16,148.15,offen
320,125,61,2024-07-02,249.0,47.31,296.31,296.31,0.0,bezahlt
321,125,61,2024-08-01,249.0,47.31,296.31,296.31,0.0,bezahlt
322,126,87,2023-09-20,792.0,150.48,942.48,942.48,0.0,bezahlt
323,126,87,2023-10-20,792.0,150.48,942.48,942.48,0.0,bezahlt
324,126,87,2023-11-19,792.0,150.48,942.48,942.48,0.0,bezahlt
325,126,87,2023-12-19,792.0,150.48,942.48,942.48,0.0,bezahlt
326,127,32,2024-07-27,495.0,94.05,589.05,294.52,294.53,offen
327,127,32,2024-08-26,495.0,94.05,589.05,589.05,0.0,bezahlt
328,128,54,2023-09-05,6225.0,1182.75,7407.75,7407.75,0.0,bezahlt
329,129,90,2024-03-21,99.0,18.81,117.81,58.91,58.9,offen
330,129,90,2024-04-20,99.0,18.81,117.81,58.91,58.9,offen
331,129,90,2024-05-20,99.0,18.81,117.81,117.81,0.0,bezahlt
332,130,54,2023-09-23,78.0,14.82,92.82,46.41,46.41,offen
333,130,54,2023-10-23,78.0,14.82,92.82,92.82,0.0,bezahlt
334,130,54,2023-11-22,78.0,14.82,92.82,92.82,0.0,bezahlt
335,131,14,2024-08-31,88689.0,16850.91,105539.91,105539.91,0.0,bezahlt
336,131,14,2024-09-30,88689.0,16850.91,105539.91,105539.91,0.0,bezahlt
337,132,98,2023-12-07,39.0,7.41,46.41,46.41,0.0,bezahlt
338,132,98,2024-01-06,39.0,7.41,46.41,46.41,0.0,bezahlt
339,132,98,2024-02-05,39.0,7.41,46.41,46.41,0.0,bezahlt
340,132,98,2024-03-06,39.0,7.41,46.41,46.41,0.0,bezahlt
341,133,9,2023-09-19,4233.0,804.27,5037.27,5037.27,0.0,bezahlt
342,133,9,2023-10-19,4233.0,804.27,5037.27,5037.27,0.0,bezahlt
343,133,9,2023-11-18,4233.0,804.27,5037.27,0.0,5037.27,offen
344,134,40,2023-12-13,594.0,112.86,706.86,706.86,0.0,bezahlt
345,135,42,2024-03-28,495.0,94.05,589.05,589.05,0.0,bezahlt
346,136,64,2023-11-09,39.0,7.41,46.41,23.2,23.21,offen
347,136,64,2023-12-09,39.0,7.41,46.41,46.41,0.0,bezahlt
348,137,15,2023-08-08,198.0,37.62,235.62,235.62,0.0,bezahlt
349,137,15,2023-09-07,198.0,37.62,235.62,235.62,0.0,bezahlt
350,137,15,2023-10-07,198.0,37.62,235.62,235.62,0.0,bezahlt
351,138,94,2024-07-27,6723.0,1277.37,8000.37,8000.37,0.0,bezahlt
352,138,94,2024-08-26,6723.0,1277.37,8000.37,8000.37,0.0,bezahlt
353,138,94,2024-09-25,6723.0,1277.37,8000.37,8000.37,0.0,bezahlt
354,138,94,2024-10-25,6723.0,1277.37,8000.37,8000.37,0.0,bezahlt
355,139,2,2023-06-26,792.0,150.48,942.48,0.0,942.48,offen
356,140,103,2024-05-13,39.0,7.41,46.41,46.41,0.0,bezahlt
357,140,103,2024-06-12,39.0,7.41,46.41,46.41,0.0,bezahlt
358,141,13,2023-08-07,792.0,150.48,942.48,0.0,942.48,offen
359,141,13,2023-09-06,792.0,150.48,942.48,942.48,0.0,bezahlt
360,141,13,2023-10-06,792.0,150.48,942.48,942.48,0.0,bezahlt
361,141,13,2023-11-05,792.0,150.48,942.48,471.24,471.24,offen
362,142,72,2023-10-29,23970.0,4554.3,28524.3,28524.3,0.0,bezahlt
363,142,72,2023-11-28,23970.0,4554.3,28524.3,28524.3,0.0,bezahlt
364,143,53,2023-12-30,4482.0,851.58,5333.58,5333.58,0.0,bezahlt
365,144,63,2024-01-03,116654.0,22164.26,138818.26,69409.13,69409.13,offen
366,144,63,2024-02-02,116654.0,22164.26,138818.26,138818.26,0.0,bezahlt
367,145,66,2024-01-14,112659.0,21405.21,134064.21,134064.21,0.0,bezahlt
368,145,66,2024-02-13,112659.0,21405.21,134064.21,0.0,134064.21,offen
369,145,66,2024-03-14,112659.0,21405.21,134064.21,0.0,134064.21,offen
370,145,66,2024-04-13,112659.0,21405.21,134064.21,134064.21,0.0,bezahlt
371,146,49,2023-12-04,78.0,14.82,92.82,92.82,0.0,bezahlt
372,146,49,2024-01-03,78.0,14.82,92.82,92.82,0.0,bezahlt
373,146,49,2024-02-02,78.0,14.82,92.82,92.82,0.0,bezahlt
374,147,24,2023-12-23,3735.0,709.65,4444.65,4444.65,0.0,bezahlt
375,147,24,2024-01-22,3735.0,709.65,4444.65,0.0,4444.65,offen
376,147,24,2024-02-21,3735.0,709.65,4444.65,4444.65,0.0,bezahlt
377,148,74,2024-09-22,35156.0,6679.64,41835.64,41835.64,0.0,bezahlt
378,148,74,2024-10-22,35156.0,6679.64,41835.64,41835.64,0.0,bezahlt
379,148,74,2024-11-21,35156.0,6679.64,41835.64,41835.64,0.0,bezahlt
380,148,74,2024-12-21,35156.0,6679.64,41835.64,41835.64,0.0,bezahlt
381,149,79,2024-08-14,82297.0,15636.43,97933.43,97933.43,0.0,bezahlt
382,149,79,2024-09-13,82297.0,15636.43,97933.43,97933.43,0.0,bezahlt
383,149,79,2024-10-13,82297.0,15636.43,97933.43,97933.43,0.0,bezahlt
384,150,41,2024-01-01,7470.0,1419.3,8889.3,0.0,8889.3,offen
385,150,41,2024-01-31,7470.0,1419.3,8889.3,4444.65,4444.65,offen
386,151,104,2024-01-10,39.0,7.41,46.41,46.41,0.0,bezahlt
387,151,104,2024-02-09,39.0,7.41,46.41,46.41,0.0,bezahlt
388,151,104,2024-03-10,39.0,7.41,46.41,46.41,0.0,bezahlt
389,151,104,2024-04-09,39.0,7.41,46.41,46.41,0.0,bezahlt
390,152,109,2024-02-21,62322.0,11841.18,74163.18,74163.18,0.0,bezahlt
391,152,109,2024-03-22,62322.0,11841.18,74163.18,74163.18,0.0,bezahlt
392,152,109,2024-04-21,62322.0,11841.18,74163.18,74163.18,0.0,bezahlt
393,152,109,2024-05-21,62322.0,11841.18,74163.18,0.0,74163.18,offen
394,153,97,2024-04-14,5478.0,1040.82,6518.82,0.0,6518.82,offen
395,153,97,2024-05-14,5478.0,1040.82,6518.82,6518.82,0.0,bezahlt
396,153,97,2024-06-13,5478.0,1040.82,6518.82,6518.82,0.0,bezahlt
397,153,97,2024-07-13,5478.0,1040.82,6518.82,6518.82,0.0,bezahlt
398,154,81,2024-03-14,78.0,14.82,92.82,92.82,0.0,bezahlt
399,154,81,2024-04-13,78.0,14.82,92.82,92.82,0.0,bezahlt
400,154,81,2024-05-13,78.0,14.82,92.82,92.82,0.0,bezahlt
401,154,81,2024-06-12,78.0,14.82,92.82,92.82,0.0,bezahlt
402,155,90,2023-10-01,594.0,112.86,706.86,0.0,706.86,offen
403,156,37,2024-03-30,1743.0,331.17,2074.17,2074.17,0.0,bezahlt
404,157,39,2023-09-25,7191.0,1366.29,8557.29,8557.29,0.0,bezahlt
405,157,39,2023-10-25,7191.0,1366.29,8557.29,8557.29,0.0,bezahlt
406,158,34,2024-08-25,297.0,56.43,353.43,353.43,0.0,bezahlt
407,159,97,2024-01-25,78.0,14.82,92.82,92.82,0.0,bezahlt
408,160,98,2023-08-17,5478.0,1040.82,6518.82,6518.82,0.0,bezahlt
409,160,98,2023-09-16,5478.0,1040.82,6518.82,6518.82,0.0,bezahlt
410,160,98,2023-10-16,5478.0,1040.82,6518.82,0.0,6518.82,offen
411,161,101,2023-07-21,39.0,7.41,46.41,23.2,23.21,offen
412,162,6,2023-07-10,2490.0,473.1,2963.1,2963.1,0.0,bezahlt
413,162,6,2023-08-09,2490.0,473.1,2963.1,2963.1,0.0,bezahlt
414,163,63,2023-12-22,39.0,7.41,46.41,46.41,0.0,bezahlt
415,163,63,2024-01-21,39.0,7.41,46.41,23.2,23.21,offen
416,163,63,2024-02-20,39.0,7.41,46.41,46.41,0.0,bezahlt
417,164,4,2023-11-25,4980.0,946.2,5926.2,5926.2,0.0,bezahlt
418,164,4,2023-12-25,4980.0,946.2,5926.2,0.0,5926.2,offen
419,165,100,2023-10-03,78.0,14.82,92.82,0.0,92.82,offen
420,166,90,2023-07-21,7221.0,1371.99,8592.99,8592.99,0.0,bezahlt
421,166,90,2023-08-20,7221.0,1371.99,8592.99,8592.99,0.0,bezahlt
422,167,25,2024-06-11,78.0,14.82,92.82,46.41,46.41,offen
423,167,25,2024-07-11,78.0,14.82,92.82,92.82,0.0,bezahlt
424,167,25,2024-08-10,78.0,14.82,92.82,92.82,0.0,bezahlt
425,167,25,2024-09-09,78.0,14.82,92.82,92.82,0.0,bezahlt
426,168,37,2024-01-06,495.0,94.05,589.05,0.0,589.05,offen
427,168,37,2024-02-05,495.0,94.05,589.05,589.05,0.0,bezahlt
428,169,65,2024-07-15,39.0,7.41,46.41,46.41,0.0,bezahlt
429,169,65,2024-08-14,39.0,7.41,46.41,46.41,0.0,bezahlt
430,169,65,2024-09-13,39.0,7.41,46.41,46.41,0.0,bezahlt
431,170,44,2024-03-06,113458.0,21557.02,135015.02,67507.51,67507.51,offen
432,170,44,2024-04-05,113458.0,21557.02,135015.02,135015.02,0.0,bezahlt
433,171,95,2024-08-05,198.0,37.62,235.62,235.62,0.0,bezahlt
434,171,95,2024-09-04,198.0,37.62,235.62,235.62,0.0,bezahlt
435,171,95,2024-10-04,198.0,37.62,235.62,117.81,117.81,offen
436,171,95,2024-11-03,198.0,37.62,235.62,235.62,0.0,bezahlt
437,172,69,2024-10-10,799.0,151.81,950.81,950.81,0.0,bezahlt
438,173,69,2024-03-21,5478.0,1040.82,6518.82,0.0,6518.82,offen
439,173,69,2024-04-20,5478.0,1040.82,6518.82,3259.41,3259.41,offen
440,173,69,2024-05-20,5478.0,1040.82,6518.82,6518.82,0.0,bezahlt
441,174,62,2024-07-09,5727.0,1088.13,6815.13,3407.57,3407.56,offen
442,174,62,2024-08-08,5727.0,1088.13,6815.13,6815.13,0.0,bezahlt
443,174,62,2024-09-07,5727.0,1088.13,6815.13,6815.13,0.0,bezahlt
444,174,62,2024-10-07,5727.0,1088.13,6815.13,6815.13,0.0,bezahlt
445,175,64,2024-09-27,39.0,7.41,46.41,23.2,23.21,offen
446,175,64,2024-10-27,39.0,7.41,46.41,46.41,0.0,bezahlt
447,175,64,2024-11-26,39.0,7.41,46.41,46.41,0.0,bezahlt
448,175,64,2024-12-26,39.0,7.41,46.41,46.41,0.0,bezahlt
449,176,79,2023-10-16,3984.0,756.96,4740.96,4740.96,0.0,bezahlt
450,177,22,2023-07-18,76704.0,14573.76,91277.76,0.0,91277.76,offen
451,177,22,2023-08-17,76704.0,14573.76,91277.76,0.0,91277.76,offen
452,177,22,2023-09-16,76704.0,14573.76,91277.76,91277.76,0.0,bezahlt
453,177,22,2023-10-16,76704.0,14573.76,91277.76,45638.88,45638.88,offen
454,178,36,2024-06-22,198.0,37.62,235.62,0.0,235.62,offen
455,178,36,2024-07-22,198.0,37.62,235.62,235.62,0.0,bezahlt
456,178,36,2024-08-21,198.0,37.62,235.62,235.62,0.0,bezahlt
457,178,36,2024-09-20,198.0,37.62,235.62,117.81,117.81,offen
458,179,3,2024-09-15,3735.0,709.65,4444.65,4444.65,0.0,bezahlt
459,179,3,2024-10-15,3735.0,709.65,4444.65,4444.65,0.0,bezahlt
460,179,3,2024-11-14,3735.0,709.65,4444.65,2222.32,2222.33,offen
461,180,55,2023-11-17,48739.0,9260.41,57999.41,57999.41,0.0,bezahlt
462,180,55,2023-12-17,48739.0,9260.41,57999.41,57999.41,0.0,bezahlt
463,181,92,2024-02-16,78.0,14.82,92.82,92.82,0.0,bezahlt
464,182,41,2023-07-30,5229.0,993.51,6222.51,6222.51,0.0,bezahlt
465,183,59,2023-12-17,78.0,14.82,92.82,92.82,0.0,bezahlt
466,183,59,2024-01-16,78.0,14.82,92.82,46.41,46.41,offen
467,183,59,2024-02-15,78.0,14.82,92.82,92.82,0.0,bezahlt
468,183,59,2024-03-16,78.0,14.82,92.82,92.82,0.0,bezahlt
469,184,80,2024-02-13,693.0,131.67,824.67,824.67,0.0,bezahlt
470,184,80,2024-03-14,693.0,131.67,824.67,824.67,0.0,bezahlt
471,184,80,2024-04-13,693.0,131.67,824.67,824.67,0.0,bezahlt
472,185,83,2024-02-27,68714.0,13055.66,81769.66,81769.66,0.0,bezahlt
473,185,83,2024-03-28,68714.0,13055.66,81769.66,81769.66,0.0,bezahlt
474,185,83,2024-04-27,68714.0,13055.66,81769.66,81769.66,0.0,bezahlt
475,185,83,2024-05-27,68714.0,13055.66,81769.66,0.0,81769.66,offen
476,186,43,2024-03-04,6225.0,1182.75,7407.75,7407.75,0.0,bezahlt
477,187,75,2024-05-12,109463.0,20797.97,130260.97,130260.97,0.0,bezahlt
478,188,50,2024-01-15,39.0,7.41,46.41,46.41,0.0,bezahlt
479,188,50,2024-02-14,39.0,7.41,46.41,46.41,0.0,bezahlt
480,188,50,2024-03-15,39.0,7.41,46.41,46.41,0.0,bezahlt
481,188,50,2024-04-14,39.0,7.41,46.41,46.41,0.0,bezahlt
482,189,16,2023-07-28,792.0,150.48,942.48,942.48,0.0,bezahlt
483,190,79,2024-08-17,78.0,14.82,92.82,0.0,92.82,offen
484,190,79,2024-09-16,78.0,14.82,92.82,92.82,0.0,bezahlt
485,190,79,2024-10-16,78.0,14.82,92.82,92.82,0.0,bezahlt
486,191,10,2023-09-21,396.0,75.24,471.24,471.24,0.0,bezahlt
487,192,19,2024-06-05,21573.0,4098.87,25671.87,25671.87,0.0,bezahlt
488,192,19,2024-07-05,21573.0,4098.87,25671.87,25671.87,0.0,bezahlt
489,192,19,2024-08-04,21573.0,4098.87,25671.87,25671.87,0.0,bezahlt
490,192,19,2024-09-03,21573.0,4098.87,25671.87,25671.87,0.0,bezahlt
491,193,53,2024-05-19,109463.0,20797.97,130260.97,130260.97,0.0,bezahlt
492,193,53,2024-06-18,109463.0,20797.97,130260.97,130260.97,0.0,bezahlt
493,194,119,2024-07-16,75106.0,14270.14,89376.14,89376.14,0.0,bezahlt
494,195,21,2024-03-15,47940.0,9108.6,57048.6,28524.3,28524.3,offen
495,195,21,2024-04-14,47940.0,9108.6,57048.6,57048.6,0.0,bezahlt
496,195,21,2024-05-14,47940.0,9108.6,57048.6,57048.6,0.0,bezahlt
497,196,39,2024-09-14,78.0,14.82,92.82,92.82,0.0,bezahlt
498,197,33,2023-08-29,792.0,150.48,942.48,942.48,0.0,bezahlt
499,197,33,2023-09-28,792.0,150.48,942.48,942.48,0.0,bezahlt
500,198,87,2023-12-08,396.0,75.24,471.24,235.62,235.62,offen
501,198,87,2024-01-07,396.0,75.24,471.24,471.24,0.0,bezahlt
502,198,87,2024-02-06,396.0,75.24,471.24,0.0,471.24,offen
503,198,87,2024-03-07,396.0,75.24,471.24,471.24,0.0,bezahlt
504,199,42,2023-08-25,31161.0,5920.59,37081.59,0.0,37081.59,offen
505,200,23,2024-02-14,5229.0,993.51,6222.51,3111.26,3111.25,offen
506,201,9,2023-08-16,5976.0,1135.44,7111.44,7111.44,0.0,bezahlt
507,202,105,2024-08-23,12784.0,2428.96,15212.96,15212.96,0.0,bezahlt
508,203,101,2024-05-09,39.0,7.41,46.41,46.41,0.0,bezahlt
509,203,101,2024-06-08,39.0,7.41,46.41,46.41,0.0,bezahlt
510,203,101,2024-07-08,39.0,7.41,46.41,46.41,0.0,bezahlt
511,203,101,2024-08-07,39.0,7.41,46.41,46.41,0.0,bezahlt
512,204,72,2024-07-01,198.0,37.62,235.62,235.62,0.0,bezahlt
513,204,72,2024-07-31,198.0,37.62,235.62,235.62,0.0,bezahlt
514,204,72,2024-08-30,198.0,37.62,235.62,235.62,0.0,bezahlt
515,204,72,2024-09-29,198.0,37.62,235.62,235.62,0.0,bezahlt
516,205,105,2023-08-26,6972.0,1324.68,8296.68,8296.68,0.0,bezahlt
517,205,105,2023-09-25,6972.0,1324.68,8296.68,8296.68,0.0,bezahlt
518,205,105,2023-10-25,6972.0,1324.68,8296.68,8296.68,0.0,bezahlt
519,205,105,2023-11-24,6972.0,1324.68,8296.68,4148.34,4148.34,offen
520,206,37,2023-12-02,297.0,56.43,353.43,353.43,0.0,bezahlt
521,206,37,2024-01-01,297.0,56.43,353.43,353.43,0.0,bezahlt
522,206,37,2024-01-31,297.0,56.43,353.43,353.43,0.0,bezahlt
523,207,63,2023-12-14,8789.0,1669.91,10458.91,10458.91,0.0,bezahlt
524,207,63,2024-01-13,8789.0,1669.91,10458.91,10458.91,0.0,bezahlt
525,207,63,2024-02-12,8789.0,1669.91,10458.91,5229.45,5229.46,offen
526,208,54,2024-03-05,78.0,14.82,92.82,46.41,46.41,offen
527,208,54,2024-04-04,78.0,14.82,92.82,46.41,46.41,offen
528,208,54,2024-05-04,78.0,14.82,92.82,46.41,46.41,offen
529,208,54,2024-06-03,78.0,14.82,92.82,92.82,0.0,bezahlt
530,209,106,2023-07-15,495.0,94.05,589.05,589.05,0.0,bezahlt
531,209,106,2023-08-14,495.0,94.05,589.05,589.05,0.0,bezahlt
532,210,112,2023-07-01,78.0,14.82,92.82,92.82,0.0,bezahlt
533,210,112,2023-07-31,78.0,14.82,92.82,92.82,0.0,bezahlt
534,211,2,2023-06-13,39.0,7.41,46.41,46.41,0.0,bezahlt
535,211,2,2023-07-13,39.0,7.41,46.41,0.0,46.41,offen
536,211,2,2023-08-12,39.0,7.41,46.41,46.41,0.0,bezahlt
537,211,2,2023-09-11,39.0,7.41,46.41,46.41,0.0,bezahlt
538,212,37,2023-11-11,3486.0,662.34,4148.34,4148.34,0.0,bezahlt
539,212,37,2023-12-11,3486.0,662.34,4148.34,4148.34,0.0,bezahlt
540,213,5,2024-05-15,88689.0,16850.91,105539.91,105539.91,0.0,bezahlt
541,213,5,2024-06-14,88689.0,16850.91,105539.91,105539.91,0.0,bezahlt
542,213,5,2024-07-14,88689.0,16850.91,105539.91,105539.91,0.0,bezahlt
543,214,37,2024-07-23,99.0,18.81,117.81,117.81,0.0,bezahlt
544,214,37,2024-08-22,99.0,18.81,117.81,117.81,0.0,bezahlt
545,214,37,2024-09-21,99.0,18.81,117.81,117.81,0.0,bezahlt
546,214,37,2024-10-21,99.0,18.81,117.81,58.91,58.9,offen
547,215,110,2024-09-30,693.0,131.67,824.67,412.33,412.34,offen
548,215,110,2024-10-30,693.0,131.67,824.67,824.67,0.0,bezahlt
549,215,110,2024-11-29,693.0,131.67,824.67,824.67,0.0,bezahlt
550,216,69,2024-01-29,1992.0,378.48,2370.48,2370.48,0.0,bezahlt
551,216,69,2024-02-28,1992.0,378.48,2370.48,2370.48,0.0,bezahlt
552,216,69,2024-03-29,1992.0,378.48,2370.48,2370.48,0.0,bezahlt
553,216,69,2024-04-28,1992.0,378.48,2370.48,2370.48,0.0,bezahlt
554,217,15,2024-09-22,119051.0,22619.69,141670.69,141670.69,0.0,bezahlt
555,217,15,2024-10-22,119051.0,22619.69,141670.69,0.0,141670.69,offen
556,217,15,2024-11-21,119051.0,22619.69,141670.69,141670.69,0.0,bezahlt
557,217,15,2024-12-21,119051.0,22619.69,141670.69,0.0,141670.69,offen
558,218,87,2023-10-03,23171.0,4402.49,27573.49,27573.49,0.0,bezahlt
559,218,87,2023-11-02,23171.0,4402.49,27573.49,27573.49,0.0,bezahlt
560,218,87,2023-12-02,23171.0,4402.49,27573.49,27573.49,0.0,bezahlt
561,218,87,2024-01-01,23171.0,4402.49,27573.49,27573.49,0.0,bezahlt
562,219,101,2024-10-08,78.0,14.82,92.82,92.82,0.0,bezahlt
563,219,101,2024-11-07,78.0,14.82,92.82,92.82,0.0,bezahlt
564,220,55,2024-02-04,6972.0,1324.68,8296.68,8296.68,0.0,bezahlt
565,220,55,2024-03-05,6972.0,1324.68,8296.68,8296.68,0.0,bezahlt
566,221,41,2023-08-21,84694.0,16091.86,100785.86,100785.86,0.0,bezahlt
567,222,25,2023-07-09,4731.0,898.89,5629.89,5629.89,0.0,bezahlt
568,222,25,2023-08-08,4731.0,898.89,5629.89,2814.95,2814.94,offen
569,223,9,2023-11-21,39.0,7.41,46.41,46.41,0.0,bezahlt
570,224,2,2024-09-17,693.0,131.67,824.67,824.67,0.0,bezahlt
571,224,2,2024-10-17,693.0,131.67,824.67,824.67,0.0,bezahlt
572,225,113,2024-05-30,4980.0,946.2,5926.2,5926.2,0.0,bezahlt
573,225,113,2024-06-29,4980.0,946.2,5926.2,5926.2,0.0,bezahlt
574,225,113,2024-07-29,4980.0,946.2,5926.2,5926.2,0.0,bezahlt
575,225,113,2024-08-28,4980.0,946.2,5926.2,5926.2,0.0,bezahlt
576,226,85,2023-07-19,39.0,7.41,46.41,46.41,0.0,bezahlt
577,226,85,2023-08-18,39.0,7.41,46.41,23.2,23.21,offen
578,226,85,2023-09-17,39.0,7.41,46.41,46.41,0.0,bezahlt
579,227,7,2024-07-12,46342.0,8804.98,55146.98,55146.98,0.0,bezahlt
580,227,7,2024-08-11,46342.0,8804.98,55146.98,55146.98,0.0,bezahlt
581,227,7,2024-09-10,46342.0,8804.98,55146.98,55146.98,0.0,bezahlt
582,228,113,2024-09-25,396.0,75.24,471.24,471.24,0.0,bezahlt
583,228,113,2024-10-25,396.0,75.24,471.24,471.24,0.0,bezahlt
584,229,59,2024-08-03,4980.0,946.2,5926.2,5926.2,0.0,bezahlt
585,229,59,2024-09-02,4980.0,946.2,5926.2,5926.2,0.0,bezahlt
586,229,59,2024-10-02,4980.0,946.2,5926.2,5926.2,0.0,bezahlt
587,229,59,2024-11-01,4980.0,946.2,5926.2,5926.2,0.0,bezahlt
588,230,2,2023-09-10,792.0,150.48,942.48,942.48,0.0,bezahlt
589,231,5,2024-01-29,3237.0,615.03,3852.03,3852.03,0.0,bezahlt
590,231,5,2024-02-28,3237.0,615.03,3852.03,3852.03,0.0,bezahlt
591,231,5,2024-03-29,3237.0,615.03,3852.03,3852.03,0.0,bezahlt
592,231,5,2024-04-28,3237.0,615.03,3852.03,1926.02,1926.01,offen
593,232,62,2023-10-14,495.0,94.05,589.05,589.05,0.0,bezahlt
594,232,62,2023-11-13,495.0,94.05,589.05,589.05,0.0,bezahlt
595,233,86,2024-03-29,78.0,14.82,92.82,92.82,0.0,bezahlt
596,233,86,2024-04-28,78.0,14.82,92.82,46.41,46.41,offen
597,233,86,2024-05-28,78.0,14.82,92.82,92.82,0.0,bezahlt
598,234,25,2024-06-15,4980.0,946.2,5926.2,5926.2,0.0,bezahlt
599,234,25,2024-07-15,4980.0,946.2,5926.2,5926.2,0.0,bezahlt
600,234,25,2024-08-14,4980.0,946.2,5926.2,5926.2,0.0,bezahlt
601,234,25,2024-09-13,4980.0,946.2,5926.2,5926.2,0.0,bezahlt
602,235,31,2024-05-19,2988.0,567.72,3555.72,3555.72,0.0,bezahlt
603,236,47,2024-01-01,39.0,7.41,46.41,46.41,0.0,bezahlt
604,236,47,2024-01-31,39.0,7.41,46.41,46.41,0.0,bezahlt
605,236,47,2024-03-01,39.0,7.41,46.41,0.0,46.41,offen
606,236,47,2024-03-31,39.0,7.41,46.41,0.0,46.41,offen
607,237,10,2024-10-09,107865.0,20494.35,128359.35,128359.35,0.0,bezahlt
608,237,10,2024-11-08,107865.0,20494.35,128359.35,128359.35,0.0,bezahlt
609,237,10,2024-12-08,107865.0,20494.35,128359.35,0.0,128359.35,offen
610,238,106,2023-07-19,109463.0,20797.97,130260.97,130260.97,0.0,bezahlt
611,238,106,2023-08-18,109463.0,20797.97,130260.97,130260.97,0.0,bezahlt
612,239,32,2024-05-13,1245.0,236.55,1481.55,1481.55,0.0,bezahlt
613,239,32,2024-06-12,1245.0,236.55,1481.55,1481.55,0.0,bezahlt
614,239,32,2024-07-12,1245.0,236.55,1481.55,1481.55,0.0,bezahlt
615,240,80,2024-06-04,396.0,75.24,471.24,471.24,0.0,bezahlt
616,240,80,2024-07-04,396.0,75.24,471.24,471.24,0.0,bezahlt
617,240,80,2024-08-03,396.0,75.24,471.24,471.24,0.0,bezahlt
618,240,80,2024-09-02,396.0,75.24,471.24,471.24,0.0,bezahlt
619,241,116,2023-06-02,78.0,14.82,92.82,0.0,92.82,offen
620,241,116,2023-07-02,78.0,14.82,92.82,92.82,0.0,bezahlt
621,242,17,2023-07-02,693.0,131.67,824.67,0.0,824.67,offen
622,242,17,2023-08-01,693.0,131.67,824.67,824.67,0.0,bezahlt
623,243,49,2023-11-06,26367.0,5009.73,31376.73,31376.73,0.0,bezahlt
624,244,117,2024-03-27,78.0,14.82,92.82,92.82,0.0,bezahlt
625,244,117,2024-04-26,78.0,14.82,92.82,92.82,0.0,bezahlt
626,244,117,2024-05-26,78.0,14.82,92.82,92.82,0.0,bezahlt
627,244,117,2024-06-25,78.0,14.82,92.82,92.82,0.0,bezahlt
628,245,115,2023-07-15,80699.0,15332.81,96031.81,96031.81,0.0,bezahlt
629,246,101,2024-05-20,14382.0,2732.58,17114.58,17114.58,0.0,bezahlt
630,246,101,2024-06-19,14382.0,2732.58,17114.58,17114.58,0.0,bezahlt
631,246,101,2024-07-19,14382.0,2732.58,17114.58,17114.58,0.0,bezahlt
632,246,101,2024-08-18,14382.0,2732.58,17114.58,17114.58,0.0,bezahlt
633,247,13,2023-09-25,78.0,14.82,92.82,92.82,0.0,bezahlt
634,248,103,2023-09-14,6723.0,1277.37,8000.37,8000.37,0.0,bezahlt
635,248,103,2023-10-14,6723.0,1277.37,8000.37,8000.37,0.0,bezahlt
636,248,103,2023-11-13,6723.0,1277.37,8000.37,8000.37,0.0,bezahlt
637,248,103,2023-12-13,6723.0,1277.37,8000.37,8000.37,0.0,bezahlt
638,249,35,2024-07-21,83895.0,15940.05,99835.05,99835.05,0.0,bezahlt
639,249,35,2024-08-20,83895.0,15940.05,99835.05,0.0,99835.05,offen
640,249,35,2024-09-19,83895.0,15940.05,99835.05,99835.05,0.0,bezahlt
641,250,114,2023-10-25,2241.0,425.79,2666.79,2666.79,0.0,bezahlt
642,250,114,2023-11-24,2241.0,425.79,2666.79,2666.79,0.0,bezahlt
643,251,26,2024-10-09,43146.0,8197.74,51343.74,51343.74,0.0,bezahlt
644,251,26,2024-11-08,43146.0,8197.74,51343.74,51343.74,0.0,bezahlt
645,251,26,2024-12-08,43146.0,8197.74,51343.74,51343.74,0.0,bezahlt
646,252,81,2024-08-27,4731.0,898.89,5629.89,2814.95,2814.94,offen
647,252,81,2024-09-26,4731.0,898.89,5629.89,5629.89,0.0,bezahlt
648,252,81,2024-10-26,4731.0,898.89,5629.89,5629.89,0.0,bezahlt
649,252,81,2024-11-25,4731.0,898.89,5629.89,5629.89,0.0,bezahlt
650,253,28,2024-01-07,96679.0,18369.01,115048.01,115048.01,0.0,bezahlt
651,253,28,2024-02-06,96679.0,18369.01,115048.01,115048.01,0.0,bezahlt
652,254,41,2024-06-03,7470.0,1419.3,8889.3,8889.3,0.0,bezahlt
653,254,41,2024-07-03,7470.0,1419.3,8889.3,8889.3,0.0,bezahlt
654,255,36,2024-07-31,87890.0,16699.1,104589.1,104589.1,0.0,bezahlt
655,255,36,2024-08-30,87890.0,16699.1,104589.1,104589.1,0.0,bezahlt
656,256,26,2023-09-20,7221.0,1371.99,8592.99,4296.49,4296.5,offen
657,257,67,2024-01-26,78.0,14.82,92.82,92.82,0.0,bezahlt
658,258,13,2024-03-14,6723.0,1277.37,8000.37,8000.37,0.0,bezahlt
659,258,13,2024-04-13,6723.0,1277.37,8000.37,8000.37,0.0,bezahlt
660,258,13,2024-05-13,6723.0,1277.37,8000.37,8000.37,0.0,bezahlt
661,259,66,2024-04-06,2241.0,425.79,2666.79,2666.79,0.0,bezahlt
662,259,66,2024-05-06,2241.0,425.79,2666.79,2666.79,0.0,bezahlt
663,260,105,2024-09-28,297.0,56.43,353.43,353.43,0.0,bezahlt
664,260,105,2024-10-28,297.0,56.43,353.43,353.43,0.0,bezahlt
665,260,105,2024-11-27,297.0,56.43,353.43,353.43,0.0,bezahlt
666,261,8,2023-06-05,5478.0,1040.82,6518.82,6518.82,0.0,bezahlt
667,261,8,2023-07-05,5478.0,1040.82,6518.82,6518.82,0.0,bezahlt
668,261,8,2023-08-04,5478.0,1040.82,6518.82,6518.82,0.0,bezahlt
669,262,101,2023-10-18,78.0,14.82,92.82,92.82,0.0,bezahlt
670,262,101,2023-11-17,78.0,14.82,92.82,92.82,0.0,bezahlt
671,262,101,2023-12-17,78.0,14.82,92.82,92.82,0.0,bezahlt
672,263,72,2023-06-02,198.0,37.62,235.62,235.62,0.0,bezahlt
673,263,72,2023-07-02,198.0,37.62,235.62,235.62,0.0,bezahlt
674,263,72,2023-08-01,198.0,37.62,235.62,235.62,0.0,bezahlt
675,263,72,2023-08-31,198.0,37.62,235.62,117.81,117.81,offen
676,264,63,2024-05-20,2988.0,567.72,3555.72,1777.86,1777.86,offen
677,265,49,2024-03-27,594.0,112.86,706.86,706.86,0.0,bezahlt
678,265,49,2024-04-26,594.0,112.86,706.86,706.86,0.0,bezahlt
679,266,66,2024-03-09,5727.0,1088.13,6815.13,6815.13,0.0,bezahlt
680,266,66,2024-04-08,5727.0,1088.13,6815.13,6815.13,0.0,bezahlt
681,266,66,2024-05-08,5727.0,1088.13,6815.13,6815.13,0.0,bezahlt
682,266,66,2024-06-07,5727.0,1088.13,6815.13,6815.13,0.0,bezahlt
683,267,9,2023-06-18,78.0,14.82,92.82,0.0,92.82,offen
684,267,9,2023-07-18,78.0,14.82,92.82,92.82,0.0,bezahlt
685,267,9,2023-08-17,78.0,14.82,92.82,46.41,46.41,offen
686,267,9,2023-09-16,78.0,14.82,92.82,92.82,0.0,bezahlt
687,268,80,2024-08-28,792.0,150.48,942.48,471.24,471.24,offen
688,268,80,2024-09-27,792.0,150.48,942.48,471.24,471.24,offen
689,269,57,2023-12-06,495.0,94.05,589.05,589.05,0.0,bezahlt
690,270,62,2024-05-09,81498.0,15484.62,96982.62,96982.62,0.0,bezahlt
691,271,58,2024-09-25,99.0,18.81,117.81,117.81,0.0,bezahlt
692,271,58,2024-10-25,99.0,18.81,117.81,117.81,0.0,bezahlt
693,271,58,2024-11-24,99.0,18.81,117.81,58.91,58.9,offen
694,272,98,2023-07-12,29563.0,5616.97,35179.97,35179.97,0.0,bezahlt
695,272,98,2023-08-11,29563.0,5616.97,35179.97,35179.97,0.0,bezahlt
696,272,98,2023-09-10,29563.0,5616.97,35179.97,35179.97,0.0,bezahlt
697,272,98,2023-10-10,29563.0,5616.97,35179.97,17589.99,17589.98,offen
698,273,65,2024-03-06,3984.0,756.96,4740.96,4740.96,0.0,bezahlt
699,273,65,2024-04-05,3984.0,756.96,4740.96,2370.48,2370.48,offen
700,274,32,2024-01-13,78.0,14.82,92.82,92.82,0.0,bezahlt
701,274,32,2024-02-12,78.0,14.82,92.82,92.82,0.0,bezahlt
702,274,32,2024-03-13,78.0,14.82,92.82,92.82,0.0,bezahlt
703,274,32,2024-04-12,78.0,14.82,92.82,92.82,0.0,bezahlt
704,275,94,2023-09-29,4233.0,804.27,5037.27,5037.27,0.0,bezahlt
705,276,107,2023-08-30,4980.0,946.2,5926.2,0.0,5926.2,offen
706,276,107,2023-09-29,4980.0,946.2,5926.2,5926.2,0.0,bezahlt
707,276,107,2023-10-29,4980.0,946.2,5926.2,5926.2,0.0,bezahlt
708,277,114,2024-05-28,39.0,7.41,46.41,46.41,0.0,bezahlt
709,277,114,2024-06-27,39.0,7.41,46.41,46.41,0.0,bezahlt
710,277,114,2024-07-27,39.0,7.41,46.41,23.2,23.21,offen
711,277,114,2024-08-26,39.0,7.41,46.41,23.2,23.21,offen
712,278,68,2023-10-08,6225.0,1182.75,7407.75,0.0,7407.75,offen
713,278,68,2023-11-07,6225.0,1182.75,7407.75,7407.75,0.0,bezahlt
714,278,68,2023-12-07,6225.0,1182.75,7407.75,7407.75,0.0,bezahlt
715,279,67,2023-10-22,594.0,112.86,706.86,706.86,0.0,bezahlt
716,280,24,2024-09-20,5727.0,1088.13,6815.13,0.0,6815.13,offen
717,280,24,2024-10-20,5727.0,1088.13,6815.13,0.0,6815.13,offen
718,281,20,2023-07-25,78.0,14.82,92.82,92.82,0.0,bezahlt
719,282,35,2024-04-27,39.0,7.41,46.41,23.2,23.21,offen
720,283,39,2024-06-24,693.0,131.67,824.67,824.67,0.0,bezahlt
721,283,39,2024-07-24,693.0,131.67,824.67,824.67,0.0,bezahlt
722,283,39,2024-08-23,693.0,131.67,824.67,824.67,0.0,bezahlt
723,283,39,2024-09-22,693.0,131.67,824.67,824.67,0.0,bezahlt
724,284,92,2024-02-18,799.0,151.81,950.81,950.81,0.0,bezahlt
725,284,92,2024-03-19,799.0,151.81,950.81,950.81,0.0,bezahlt
726,284,92,2024-04-18,799.0,151.81,950.81,950.81,0.0,bezahlt
727,284,92,2024-05-18,799.0,151.81,950.81,950.81,0.0,bezahlt
728,285,68,2023-11-14,996.0,189.24,1185.24,1185.24,0.0,bezahlt
729,285,68,2023-12-14,996.0,189.24,1185.24,1185.24,0.0,bezahlt
730,285,68,2024-01-13,996.0,189.24,1185.24,0.0,1185.24,offen
731,286,74,2024-02-16,78.0,14.82,92.82,92.82,0.0,bezahlt
732,286,74,2024-03-17,78.0,14.82,92.82,46.41,46.41,offen
733,286,74,2024-04-16,78.0,14.82,92.82,92.82,0.0,bezahlt
734,286,74,2024-05-16,78.0,14.82,92.82,92.82,0.0,bezahlt
735,287,85,2024-08-16,3486.0,662.34,4148.34,4148.34,0.0,bezahlt
736,287,85,2024-09-15,3486.0,662.34,4148.34,4148.34,0.0,bezahlt
737,288,64,2024-02-08,594.0,112.86,706.86,706.86,0.0,bezahlt
738,289,120,2024-01-27,6723.0,1277.37,8000.37,0.0,8000.37,offen
739,289,120,2024-02-26,6723.0,1277.37,8000.37,8000.37,0.0,bezahlt
740,289,120,2024-03-27,6723.0,1277.37,8000.37,4000.18,4000.19,offen
741,289,120,2024-04-26,6723.0,1277.37,8000.37,8000.37,0.0,bezahlt
742,290,49,2023-07-14,249.0,47.31,296.31,296.31,0.0,bezahlt
743,291,86,2024-01-06,2397.0,455.43,2852.43,2852.43,0.0,bezahlt
744,291,86,2024-02-05,2397.0,455.43,2852.43,2852.43,0.0,bezahlt
745,292,34,2024-03-25,198.0,37.62,235.62,235.62,0.0,bezahlt
746,292,34,2024-04-24,198.0,37.62,235.62,235.62,0.0,bezahlt
747,292,34,2024-05-24,198.0,37.62,235.62,235.62,0.0,bezahlt
748,292,34,2024-06-23,198.0,37.62,235.62,117.81,117.81,offen
749,293,109,2024-03-14,6972.0,1324.68,8296.68,4148.34,4148.34,offen
750,293,109,2024-04-13,6972.0,1324.68,8296.68,8296.68,0.0,bezahlt
751,293,109,2024-05-13,6972.0,1324.68,8296.68,8296.68,0.0,bezahlt
752,293,109,2024-06-12,6972.0,1324.68,8296.68,0.0,8296.68,offen
753,294,54,2023-12-18,55131.0,10474.89,65605.89,65605.89,0.0,bezahlt
754,294,54,2024-01-17,55131.0,10474.89,65605.89,65605.89,0.0,bezahlt
755,294,54,2024-02-16,55131.0,10474.89,65605.89,65605.89,0.0,bezahlt
756,294,54,2024-03-17,55131.0,10474.89,65605.89,65605.89,0.0,bezahlt
757,295,44,2024-09-09,396.0,75.24,471.24,0.0,471.24,offen
758,296,77,2023-11-11,396.0,75.24,471.24,471.24,0.0,bezahlt
759,296,77,2023-12-11,396.0,75.24,471.24,471.24,0.0,bezahlt
760,296,77,2024-01-10,396.0,75.24,471.24,235.62,235.62,offen
761,297,84,2024-10-09,594.0,112.86,706.86,353.43,353.43,offen
762,297,84,2024-11-08,594.0,112.86,706.86,0.0,706.86,offen
763,298,24,2023-06-14,594.0,112.86,706.86,706.86,0.0,bezahlt
764,298,24,2023-07-14,594.0,112.86,706.86,353.43,353.43,offen
765,298,24,2023-08-13,594.0,112.86,706.86,353.43,353.43,offen
766,298,24,2023-09-12,594.0,112.86,706.86,706.86,0.0,bezahlt
767,299,99,2024-06-13,2988.0,567.72,3555.72,0.0,3555.72,offen
768,299,99,2024-07-13,2988.0,567.72,3555.72,3555.72,0.0,bezahlt
769,300,14,2024-08-25,2988.0,567.72,3555.72,0.0,3555.72,offen
770,300,14,2024-09-24,2988.0,567.72,3555.72,3555.72,0.0,bezahlt
771,300,14,2024-10-24,2988.0,567.72,3555.72,3555.72,0.0,bezahlt
772,300,14,2024-11-23,2988.0,567.72,3555.72,3555.72,0.0,bezahlt
773,301,14,2023-11-14,39.0,7.41,46.41,46.41,0.0,bezahlt
774,301,14,2023-12-14,39.0,7.41,46.41,23.2,23.21,offen
775,301,14,2024-01-13,39.0,7.41,46.41,46.41,0.0,bezahlt
776,301,14,2024-02-12,39.0,7.41,46.41,46.41,0.0,bezahlt
777,302,42,2023-09-22,4731.0,898.89,5629.89,5629.89,0.0,bezahlt
778,302,42,2023-10-22,4731.0,898.89,5629.89,5629.89,0.0,bezahlt
779,302,42,2023-11-21,4731.0,898.89,5629.89,5629.89,0.0,bezahlt
780,302,42,2023-12-21,4731.0,898.89,5629.89,5629.89,0.0,bezahlt
781,303,98,2024-02-04,495.0,94.05,589.05,589.05,0.0,bezahlt
782,303,98,2024-03-05,495.0,94.05,589.05,589.05,0.0,bezahlt
783,304,15,2024-08-29,39.0,7.41,46.41,46.41,0.0,bezahlt
784,304,15,2024-09-28,39.0,7.41,46.41,46.41,0.0,bezahlt
785,304,15,2024-10-28,39.0,7.41,46.41,46.41,0.0,bezahlt
786,305,90,2024-03-24,61523.0,11689.37,73212.37,36606.18,36606.19,offen
787,305,90,2024-04-23,61523.0,11689.37,73212.37,73212.37,0.0,bezahlt
788,306,69,2023-11-21,39.0,7.41,46.41,46.41,0.0,bezahlt
789,307,1,2023-11-25,5593.0,1062.67,6655.67,6655.67,0.0,bezahlt
790,307,1,2023-12-25,5593.0,1062.67,6655.67,6655.67,0.0,bezahlt
791,307,1,2024-01-24,5593.0,1062.67,6655.67,6655.67,0.0,bezahlt
792,308,11,2024-09-10,39.0,7.41,46.41,46.41,0.0,bezahlt
793,308,11,2024-10-10,39.0,7.41,46.41,46.41,0.0,bezahlt
794,308,11,2024-11-09,39.0,7.41,46.41,46.41,0.0,bezahlt
795,308,11,2024-12-09,39.0,7.41,46.41,46.41,0.0,bezahlt
796,309,92,2023-11-03,11186.0,2125.34,13311.34,13311.34,0.0,bezahlt
797,309,92,2023-12-03,11186.0,2125.34,13311.34,13311.34,0.0,bezahlt
798,309,92,2024-01-02,11186.0,2125.34,13311.34,13311.34,0.0,bezahlt
799,310,9,2024-01-03,65518.0,12448.42,77966.42,77966.42,0.0,bezahlt
800,310,9,2024-02-02,65518.0,12448.42,77966.42,77966.42,0.0,bezahlt
801,310,9,2024-03-03,65518.0,12448.42,77966.42,0.0,77966.42,offen
802,311,53,2023-12-13,747.0,141.93,888.93,888.93,0.0,bezahlt
803,311,53,2024-01-12,747.0,141.93,888.93,888.93,0.0,bezahlt
804,311,53,2024-02-11,747.0,141.93,888.93,888.93,0.0,bezahlt
805,311,53,2024-03-12,747.0,141.93,888.93,444.46,444.47,offen
806,312,96,2024-09-26,594.0,112.86,706.86,706.86,0.0,bezahlt
807,313,93,2023-08-02,747.0,141.93,888.93,0.0,888.93,offen
808,313,93,2023-09-01,747.0,141.93,888.93,0.0,888.93,offen
809,313,93,2023-10-01,747.0,141.93,888.93,0.0,888.93,offen
810,314,11,2024-03-11,4980.0,946.2,5926.2,5926.2,0.0,bezahlt
811,315,57,2023-06-10,29563.0,5616.97,35179.97,0.0,35179.97,offen
812,316,113,2024-02-04,6474.0,1230.06,7704.06,7704.06,0.0,bezahlt
813,316,113,2024-03-05,6474.0,1230.06,7704.06,7704.06,0.0,bezahlt
814,316,113,2024-04-04,6474.0,1230.06,7704.06,7704.06,0.0,bezahlt
815,316,113,2024-05-04,6474.0,1230.06,7704.06,3852.03,3852.03,offen
816,317,93,2023-06-06,57528.0,10930.32,68458.32,68458.32,0.0,bezahlt
817,318,119,2024-01-08,10387.0,1973.53,12360.53,12360.53,0.0,bezahlt
818,319,116,2024-07-03,198.0,37.62,235.62,235.62,0.0,bezahlt
819,319,116,2024-08-02,198.0,37.62,235.62,235.62,0.0,bezahlt
820,319,116,2024-09-01,198.0,37.62,235.62,0.0,235.62,offen
821,320,117,2024-09-07,49538.0,9412.22,58950.22,58950.22,0.0,bezahlt
822,320,117,2024-10-07,49538.0,9412.22,58950.22,58950.22,0.0,bezahlt
823,321,27,2023-10-14,6972.0,1324.68,8296.68,8296.68,0.0,bezahlt
824,321,27,2023-11-13,6972.0,1324.68,8296.68,4148.34,4148.34,offen
825,321,27,2023-12-13,6972.0,1324.68,8296.68,0.0,8296.68,offen
826,322,36,2024-09-29,78.0,14.82,92.82,92.82,0.0,bezahlt
827,323,51,2024-07-08,34357.0,6527.83,40884.83,40884.83,0.0,bezahlt
828,323,51,2024-08-07,34357.0,6527.83,40884.83,40884.83,0.0,bezahlt
829,323,51,2024-09-06,34357.0,6527.83,40884.83,40884.83,0.0,bezahlt
830,323,51,2024-10-06,34357.0,6527.83,40884.83,40884.83,0.0,bezahlt
831,324,59,2023-11-14,35955.0,6831.45,42786.45,42786.45,0.0,bezahlt
832,324,59,2023-12-14,35955.0,6831.45,42786.45,0.0,42786.45,offen
833,324,59,2024-01-13,35955.0,6831.45,42786.45,0.0,42786.45,offen
834,325,112,2023-12-28,5229.0,993.51,6222.51,6222.51,0.0,bezahlt
835,325,112,2024-01-27,5229.0,993.51,6222.51,0.0,6222.51,offen
836,326,74,2024-05-02,78.0,14.82,92.82,92.82,0.0,bezahlt
837,326,74,2024-06-01,78.0,14.82,92.82,92.82,0.0,bezahlt
838,327,47,2024-06-30,41548.0,7894.12,49442.12,49442.12,0.0,bezahlt
839,327,47,2024-07-30,41548.0,7894.12,49442.12,49442.12,0.0,bezahlt
840,328,4,2023-12-20,6474.0,1230.06,7704.06,7704.06,0.0,bezahlt
841,328,4,2024-01-19,6474.0,1230.06,7704.06,7704.06,0.0,bezahlt
842,328,4,2024-02-18,6474.0,1230.06,7704.06,7704.06,0.0,bezahlt
843,328,4,2024-03-19,6474.0,1230.06,7704.06,0.0,7704.06,offen
844,329,79,2023-10-21,3486.0,662.34,4148.34,4148.34,0.0,bezahlt
845,329,79,2023-11-20,3486.0,662.34,4148.34,4148.34,0.0,bezahlt
846,329,79,2023-12-20,3486.0,662.34,4148.34,2074.17,2074.17,offen
847,329,79,2024-01-19,3486.0,662.34,4148.34,0.0,4148.34,offen
848,330,120,2024-10-13,67116.0,12752.04,79868.04,79868.04,0.0,bezahlt
849,330,120,2024-11-12,67116.0,12752.04,79868.04,79868.04,0.0,bezahlt
850,331,102,2024-09-20,71910.0,13662.9,85572.9,85572.9,0.0,bezahlt
851,332,8,2023-08-27,78.0,14.82,92.82,92.82,0.0,bezahlt
852,332,8,2023-09-26,78.0,14.82,92.82,46.41,46.41,offen
853,332,8,2023-10-26,78.0,14.82,92.82,92.82,0.0,bezahlt
854,332,8,2023-11-25,78.0,14.82,92.82,92.82,0.0,bezahlt
855,333,109,2024-01-29,5593.0,1062.67,6655.67,6655.67,0.0,bezahlt
856,334,80,2024-06-20,3735.0,709.65,4444.65,2222.32,2222.33,offen
857,334,80,2024-07-20,3735.0,709.65,4444.65,4444.65,0.0,bezahlt
858,334,80,2024-08-19,3735.0,709.65,4444.65,4444.65,0.0,bezahlt
859,334,80,2024-09-18,3735.0,709.65,4444.65,4444.65,0.0,bezahlt
860,335,98,2024-04-19,35156.0,6679.64,41835.64,41835.64,0.0,bezahlt
861,335,98,2024-05-19,35156.0,6679.64,41835.64,0.0,41835.64,offen
862,336,82,2023-09-03,39.0,7.41,46.41,46.41,0.0,bezahlt
863,336,82,2023-10-03,39.0,7.41,46.41,46.41,0.0,bezahlt
864,337,40,2024-04-16,1743.0,331.17,2074.17,1037.09,1037.08,offen
865,337,40,2024-05-16,1743.0,331.17,2074.17,2074.17,0.0,bezahlt
866,337,40,2024-06-15,1743.0,331.17,2074.17,2074.17,0.0,bezahlt
867,337,40,2024-07-15,1743.0,331.17,2074.17,0.0,2074.17,offen
868,338,7,2024-02-03,88689.0,16850.91,105539.91,105539.91,0.0,bezahlt
869,338,7,2024-03-04,88689.0,16850.91,105539.91,105539.91,0.0,bezahlt
870,338,7,2024-04-03,88689.0,16850.91,105539.91,105539.91,0.0,bezahlt
871,338,7,2024-05-03,88689.0,16850.91,105539.91,105539.91,0.0,bezahlt
872,339,73,2023-07-07,39.0,7.41,46.41,46.41,0.0,bezahlt
873,339,73,2023-08-06,39.0,7.41,46.41,0.0,46.41,offen
874,340,17,2023-07-11,4233.0,804.27,5037.27,5037.27,0.0,bezahlt
875,340,17,2023-08-10,4233.0,804.27,5037.27,5037.27,0.0,bezahlt
876,340,17,2023-09-09,4233.0,804.27,5037.27,5037.27,0.0,bezahlt
877,340,17,2023-10-09,4233.0,804.27,5037.27,5037.27,0.0,bezahlt
878,341,82,2024-07-22,39.0,7.41,46.41,0.0,46.41,offen
879,341,82,2024-08-21,39.0,7.41,46.41,46.41,0.0,bezahlt
880,341,82,2024-09-20,39.0,7.41,46.41,46.41,0.0,bezahlt
881,341,82,2024-10-20,39.0,7.41,46.41,46.41,0.0,bezahlt
882,342,43,2023-12-17,39.0,7.41,46.41,0.0,46.41,offen
883,342,43,2024-01-16,39.0,7.41,46.41,46.41,0.0,bezahlt
884,342,43,2024-02-15,39.0,7.41,46.41,46.41,0.0,bezahlt
885,343,41,2024-03-25,99.0,18.81,117.81,117.81,0.0,bezahlt
886,343,41,2024-04-24,99.0,18.81,117.81,117.81,0.0,bezahlt
887,343,41,2024-05-24,99.0,18.81,117.81,0.0,117.81,offen
888,344,92,2023-10-02,198.0,37.62,235.62,235.62,0.0,bezahlt
889,345,75,2024-03-02,96679.0,18369.01,115048.01,0.0,115048.01,offen
890,346,5,2023-11-30,1245.0,236.55,1481.55,1481.55,0.0,bezahlt
891,346,5,2023-12-30,1245.0,236.55,1481.55,0.0,1481.55,offen
892,347,59,2024-04-27,5976.0,1135.44,7111.44,7111.44,0.0,bezahlt
893,347,59,2024-05-27,5976.0,1135.44,7111.44,7111.44,0.0,bezahlt
894,347,59,2024-06-26,5976.0,1135.44,7111.44,7111.44,0.0,bezahlt
895,348,43,2024-06-21,2739.0,520.41,3259.41,3259.41,0.0,bezahlt
896,348,43,2024-07-21,2739.0,520.41,3259.41,3259.41,0.0,bezahlt
897,349,61,2023-06-09,1494.0,283.86,1777.86,1777.86,0.0,bezahlt
898,349,61,2023-07-09,1494.0,283.86,1777.86,1777.86,0.0,bezahlt
899,350,76,2024-09-14,39.0,7.41,46.41,46.41,0.0,bezahlt
