customer_id,name,email,region,country,city,segment,is_active,created_at
1,Customer 1,c1@clean.example,Süd,DE,München,midmarket,true,2025-01-02
2,Customer 2,c2@clean.example,West,DE,Köln,enterprise,true,2025-01-03
3,Customer 3,c3@clean.example,Ost,DE,Berlin,public,true,2025-01-04
4,Customer 4,c4@clean.example,Export,DE,Stuttgart,smb,true,2025-01-05
5,Customer 5,c5@clean.example,Nord,DE,Leipzig,midmarket,true,2025-01-06
6,Customer 6,c6@clean.example,Süd,DE,Frankfurt,enterprise,true,2025-01-07
7,Customer 7,c7@clean.example,West,DE,Hamburg,public,true,2025-01-08
8,Customer 8,c8@clean.example,Ost,DE,München,smb,true,2025-01-09
9,Customer 9,c9@clean.example,Export,DE,Köln,midmarket,true,2025-01-10
10,Customer 10,c10@clean.example,Nord,DE,Berlin,enterprise,true,2025-01-11
11,Customer 11,c11@clean.example,Süd,DE,Stuttgart,public,false,2025-01-12
12,Customer 12,c12@clean.example,West,DE,Leipzig,smb,true,2025-01-13
13,Customer 13,c13@clean.example,Ost,DE,Frankfurt,midmarket,true,2025-01-14
14,Customer 14,c14@clean.example,Export,DE,Hamburg,enterprise,true,2025-01-15
15,Customer 15,c15@clean.example,Nord,DE,München,public,true,2025-01-16
16,Customer 16,c16@clean.example,Süd,DE,Köln,smb,true,2025-01-17
17,Customer 17,c17@clean.example,West,DE,Berlin,midmarket,true,2025-01-18
18,Customer 18,c18@clean.example,Ost,DE,Stuttgart,enterprise,true,2025-01-19
19,Customer 19,c19@clean.example,Export,DE,Leipzig,public,true,2025-01-20
20,Customer 20,c20@clean.example,Nord,DE,Frankfurt,smb,true,2025-01-21
21,Customer 21,c21@clean.example,Süd,DE,Hamburg,midmarket,true,2025-01-22
22,Customer 22,c22@clean.example,West,DE,München,enterprise,false,2025-01-23
23,Customer 23,c23@clean.example,Ost,DE,Köln,public,true,2025-01-24
24,Customer 24,c24@clean.example,Export,DE,Berlin,smb,true,2025-01-25
25,Customer 25,c25@clean.example,Nord,DE,Stuttgart,midmarket,true,2025-01-26
26,Customer 26,c26@clean.example,Süd,DE,Leipzig,enterprise,true,2025-01-27
27,Customer 27,c27@clean.example,West,DE,Frankfurt,public,true,2025-01-28
28,Customer 28,c28@clean.example,Ost,DE,Hamburg,smb,true,2025-01-29
29,Customer 29,c29@clean.example,Export,DE,München,midmarket,true,2025-01-30
30,Customer 30,c30@clean.example,Nord,DE,Köln,enterprise,true,2025-01-31
31,Customer 31,c31@clean.example,Süd,DE,Berlin,public,true,2025-02-01
32,Customer 32,c32@clean.example,West,DE,Stuttgart,smb,true,2025-02-02
33,Customer 33,c33@clean.example,Ost,DE,Leipzig,midmarket,false,2025-02-03
34,Customer 34,c34@clean.example,Export,DE,Frankfurt,enterprise,true,2025-02-04
35,Customer 35,c35@clean.example,Nord,DE,Hamburg,public,true,2025-02-05
36,Customer 36,c36@clean.example,Süd,DE,München,smb,true,2025-02-06
37,Customer 37,c37@clean.example,West,DE,Köln,midmarket,true,2025-02-07
38,Customer 38,c38@clean.example,Ost,DE,Berlin,enterprise,true,2025-02-08
39,Customer 39,c39@clean.example,Export,DE,Stuttgart,public,true,2025-02-09
40,Customer 40,c40@clean.example,Nord,DE,Leipzig,smb,true,2025-02-10
41,Customer 41,c41@clean.example,Süd,DE,Frankfurt,midmarket,true,2025-02-11
42,Customer 42,c42@clean.example,West,DE,Hamburg,enterprise,true,2025-02-12
43,Customer 43,c43@clean.example,Ost,DE,München,public,true,2025-02-13
44,Customer 44,c44@clean.example,Export,DE,Köln,smb,false,2025-02-14
45,Customer 45,c45@clean.example,Nord,DE,Berlin,midmarket,true,2025-02-15
46,Customer 46,c46@clean.example,Süd,DE,Stuttgart,enterprise,true,2025-02-16
47,Customer 47,c47@clean.example,West,DE,Leipzig,public,true,2025-02-17
48,Customer 48,c48@clean.example,Ost,DE,Frankfurt,smb,true,2025-02-18
49,Customer 49,c49@clean.example,Export,DE,Hamburg,midmarket,true,2025-02-19
50,Customer 50,c50@clean.example,Nord,DE,München,enterprise,true,2025-02-20
51,Customer 51,c51@clean.example,Süd,DE,Köln,public,true,2025-02-21
52,Customer 52,c52@clean.example,West,DE,Berlin,smb,true,2025-02-22
53,Customer 53,c53@clean.example,Ost,DE,Stuttgart,midmarket,true,2025-02-23
54,Customer 54,c54@clean.example,Export,DE,Leipzig,enterprise,true,2025-02-24
55,Customer 55,c55@clean.example,Nord,DE,Frankfurt,public,false,2025-02-25
56,Customer 56,c56@clean.example,Süd,DE,Hamburg,smb,true,2025-02-26
57,Customer 57,c57@clean.example,West,DE,München,midmarket,true,2025-02-27
58,Customer 58,c58@clean.example,Ost,DE,Köln,enterprise,true,2025-02-28
59,Customer 59,c59@clean.example,Export,DE,Berlin,public,true,2025-03-01
60,Customer 60,c60@clean.example,Nord,DE,Stuttgart,smb,true,2025-03-02
61,Customer 61,c61@clean.example,Süd,DE,Leipzig,midmarket,true,2025-03-03
62,Customer 62,c62@clean.example,West,DE,Frankfurt,enterprise,true,2025-03-04
63,Customer 63,c63@clean.example,Ost,DE,Hamburg,public,true,2025-03-05
64,Customer 64,c64@clean.example,Export,DE,München,smb,true,2025-03-06
65,Customer 65,c65@clean.example,Nord,DE,Köln,midmarket,true,2025-03-07
66,Customer 66,c66@clean.example,Süd,DE,Berlin,enterprise,false,2025-03-08
67,Customer 67,c67@clean.example,West,DE,Stuttgart,public,true,2025-03-09
68,Customer 68,c68@clean.example,Ost,DE,Leipzig,smb,true,2025-03-10
69,Customer 69,c69@clean.example,Export,DE,Frankfurt,midmarket,true,2025-03-11
70,Customer 70,c70@clean.example,Nord,DE,Hamburg,enterprise,true,2025-03-12
71,Customer 71,c71@clean.example,Süd,DE,München,public,true,2025-03-13
72,Customer 72,c72@clean.example,West,DE,Köln,smb,true,2025-03-14
73,Customer 73,c73@clean.example,Ost,DE,Berlin,midmarket,true,2025-03-15
74,Customer 74,c74@clean.example,Export,DE,Stuttgart,enterprise,true,2025-03-16
75,Customer 75,c75@clean.example,Nord,DE,Leipzig,public,true,2025-03-17
76,Customer 76,c76@clean.example,Süd,DE,Frankfurt,smb,true,2025-03-18
77,Customer 77,c77@clean.example,West,DE,Hamburg,midmarket,false,2025-03-19
78,Customer 78,c78@clean.example,Ost,DE,München,enterprise,true,2025-03-20
79,Customer 79,c79@clean.example,Export,DE,Köln,public,true,2025-03-21
80,Customer 80,c80@clean.example,Nord,DE,Berlin,smb,true,2025-03-22
