route_id,depot_id,vehicle_id,driver_id,route_date,planned_stops,total_distance_km
1,4,3,19,2025-04-19,3,80.6
2,1,16,8,2025-04-25,7,156.8
3,7,14,14,2025-06-27,3,101.6
4,8,23,23,2025-04-05,4,120.6
5,4,11,11,2025-04-18,3,100.0
6,4,11,19,2025-05-06,5,108.0
7,4,19,11,2025-06-13,4,130.4
8,2,9,9,2025-04-17,3,91.0
9,6,13,21,2025-06-26,6,205.3
10,8,23,15,2025-05-16,3,104.4
11,5,12,12,2025-04-02,3,99.5
12,2,9,17,2025-06-03,6,170.6
13,5,20,28,2025-04-03,3,61.1
14,8,23,7,2025-06-18,6,183.7
15,4,19,3,2025-05-28,5,172.2
16,1,24,16,2025-05-08,3,77.0
17,4,11,27,2025-06-17,6,84.8
18,7,14,22,2025-04-21,6,209.8
19,8,15,23,2025-06-10,3,84.1
20,3,10,10,2025-04-03,5,158.9
21,8,15,23,2025-05-10,5,133.7
22,5,20,4,2025-05-25,6,100.4
23,4,19,27,2025-06-22,5,164.9
24,7,22,22,2025-06-15,3,75.0
25,2,1,9,2025-05-23,7,178.2
26,4,19,27,2025-06-16,6,148.1
27,1,16,24,2025-06-26,5,125.3
28,1,24,24,2025-06-03,7,167.5
29,5,20,20,2025-04-26,7,210.6
30,4,3,27,2025-05-01,4,113.9
31,5,20,4,2025-04-25,7,197.0
32,4,3,3,2025-05-12,4,115.5
33,3,10,18,2025-05-25,3,83.6
34,3,18,2,2025-05-10,4,139.1
35,7,6,22,2025-04-27,6,132.4
36,2,9,25,2025-04-20,5,133.7
37,1,16,24,2025-04-30,3,80.5
38,2,9,17,2025-04-18,7,113.0
39,5,4,20,2025-04-10,7,122.9
40,5,12,4,2025-06-04,4,84.5
41,4,19,19,2025-06-05,7,152.4
42,8,23,23,2025-06-08,5,183.8
43,6,5,5,2025-05-07,5,127.0
44,8,7,15,2025-04-13,7,193.1
45,8,23,15,2025-05-19,5,121.3
46,2,9,9,2025-05-08,3,117.6
47,2,25,17,2025-06-12,4,66.6
48,3,18,2,2025-05-29,3,73.2
49,8,23,7,2025-05-11,7,145.3
50,4,19,3,2025-04-18,7,191.9
51,3,18,2,2025-04-06,6,114.2
52,4,11,3,2025-06-25,4,157.5
53,8,7,23,2025-05-04,5,97.9
54,3,10,10,2025-04-05,4,120.3
55,5,20,4,2025-05-31,4,100.8
56,8,7,23,2025-05-08,5,165.3
57,8,15,15,2025-04-15,6,126.4
58,8,7,7,2025-06-27,6,207.6
59,6,21,29,2025-05-20,7,171.7
60,6,5,13,2025-04-22,7,229.8
61,8,23,23,2025-04-07,7,223.8
62,2,25,17,2025-04-18,4,53.0
63,5,12,28,2025-04-21,3,49.6
64,5,4,28,2025-06-07,3,127.7
65,5,20,20,2025-06-28,3,66.0
66,8,7,23,2025-05-16,3,91.2
67,1,24,24,2025-04-22,7,210.3
68,2,9,17,2025-04-16,6,174.4
69,7,6,22,2025-06-12,6,148.1
70,8,23,7,2025-06-14,3,64.8
71,8,7,7,2025-04-19,6,221.8
72,3,10,2,2025-05-20,3,105.9
73,7,14,6,2025-04-08,5,87.1
74,8,23,7,2025-04-10,7,208.7
75,2,17,25,2025-06-02,7,187.5
76,8,23,23,2025-04-11,7,171.5
77,7,14,22,2025-06-22,4,107.8
78,1,16,8,2025-05-21,6,132.8
79,7,22,14,2025-05-11,6,142.1
80,5,4,20,2025-04-10,4,92.1
81,6,5,13,2025-05-19,3,99.2
82,5,12,20,2025-06-18,3,63.6
83,5,12,20,2025-06-30,5,99.1
84,1,24,8,2025-05-03,6,176.0
85,3,2,2,2025-05-04,6,200.5
86,6,5,21,2025-04-29,4,80.5
87,1,8,16,2025-05-11,3,53.9
88,7,22,14,2025-04-02,6,101.2
89,5,4,4,2025-06-27,5,161.3
90,1,24,16,2025-04-24,3,97.9
91,3,18,2,2025-05-23,4,80.4
92,7,14,30,2025-05-24,5,153.5
93,3,10,2,2025-04-23,5,123.7
94,2,17,1,2025-04-12,7,224.4
95,3,10,2,2025-05-10,7,153.6
96,2,25,9,2025-06-06,6,148.5
97,6,13,5,2025-06-27,5,112.3
98,5,4,20,2025-06-06,4,103.2
99,6,13,5,2025-06-02,7,225.0
100,2,1,25,2025-05-01,3,75.2
101,5,12,28,2025-06-13,5,126.6
102,4,11,27,2025-06-29,3,54.9
103,7,14,30,2025-05-08,3,87.7
104,3,10,26,2025-04-04,6,163.3
105,2,17,17,2025-06-12,3,83.9
106,1,16,16,2025-04-19,5,86.1
107,5,4,4,2025-06-05,5,114.3
108,4,19,3,2025-05-23,7,182.5
109,2,25,25,2025-04-24,5,156.0
110,1,8,24,2025-05-09,4,106.3
111,1,24,8,2025-06-18,6,133.8
112,8,7,7,2025-06-02,5,148.9
113,6,13,13,2025-05-03,4,72.1
114,4,11,19,2025-04-14,6,153.0
115,5,12,28,2025-05-14,3,43.9
116,5,20,20,2025-06-28,3,69.9
117,2,1,17,2025-04-18,5,178.2
118,6,13,29,2025-04-04,3,68.7
119,3,10,26,2025-06-30,6,140.5
120,6,5,13,2025-05-16,4,99.6
121,6,5,21,2025-05-30,4,98.3
122,8,15,15,2025-04-27,5,120.9
123,7,14,22,2025-04-09,5,141.1
124,7,6,22,2025-04-30,3,78.1
125,8,15,15,2025-06-23,3,121.2
126,1,8,24,2025-05-20,7,275.3
127,4,19,3,2025-05-13,7,186.3
128,6,5,21,2025-06-07,5,170.0
129,2,9,25,2025-04-24,7,148.5
130,3,2,2,2025-04-22,3,99.8
131,6,5,5,2025-04-17,7,142.6
132,5,20,20,2025-05-26,6,199.4
133,6,21,21,2025-05-31,4,134.9
134,6,13,5,2025-06-13,3,86.4
135,6,13,29,2025-05-30,5,132.8
136,3,2,18,2025-04-24,4,104.1
137,1,16,24,2025-04-12,3,45.9
138,1,8,16,2025-05-19,6,199.2
139,6,5,21,2025-06-04,7,188.7
140,5,20,20,2025-06-19,3,65.1
141,4,3,3,2025-04-11,6,150.7
142,6,13,5,2025-04-23,5,115.3
143,5,20,4,2025-04-07,3,120.3
144,4,3,3,2025-04-18,7,203.3
145,3,18,26,2025-04-26,6,135.2
146,5,4,20,2025-06-17,5,131.5
147,8,7,7,2025-04-28,4,85.6
148,2,25,9,2025-05-27,4,114.4
149,5,4,28,2025-04-06,7,227.0
150,6,5,21,2025-04-26,3,84.5
151,3,18,26,2025-04-21,6,208.5
152,1,24,24,2025-06-21,6,136.7
153,4,11,27,2025-06-19,6,174.7
154,4,11,11,2025-05-11,3,89.9
155,1,16,16,2025-04-10,5,100.8
156,7,6,22,2025-05-29,6,151.3
157,1,24,24,2025-05-28,7,110.2
158,7,6,30,2025-05-26,5,124.3
159,3,10,26,2025-04-01,3,109.8
160,5,4,20,2025-06-26,5,101.2
161,3,10,10,2025-05-21,5,103.5
162,7,22,30,2025-04-12,6,128.9
163,2,25,1,2025-05-22,7,173.2
164,3,2,26,2025-06-14,4,135.8
165,8,7,7,2025-06-21,4,132.1
166,1,16,24,2025-04-24,7,167.7
167,8,15,23,2025-06-17,3,61.3
168,5,20,28,2025-04-25,3,35.1
169,5,20,28,2025-05-13,6,156.9
170,7,22,30,2025-05-07,5,110.6
171,6,21,5,2025-04-01,5,149.5
172,7,14,14,2025-06-02,3,96.5
173,1,24,24,2025-04-24,5,132.8
174,3,18,10,2025-06-08,6,180.8
175,2,25,1,2025-05-01,5,72.0
176,4,3,3,2025-05-19,5,180.6
177,7,14,6,2025-04-18,4,101.5
178,4,11,19,2025-06-01,3,64.2
179,7,6,22,2025-06-08,7,193.0
180,5,12,20,2025-06-06,5,97.4
181,8,7,7,2025-04-22,4,100.7
182,6,5,13,2025-05-22,4,138.4
183,3,2,2,2025-06-26,3,92.3
184,1,8,24,2025-06-22,4,90.5
185,8,7,23,2025-05-19,7,129.3
186,3,18,26,2025-06-23,6,175.8
187,2,1,17,2025-06-10,4,120.0
188,5,12,20,2025-05-16,7,217.3
189,6,13,13,2025-04-03,7,181.0
190,5,12,28,2025-04-21,7,188.5
191,1,24,24,2025-04-02,7,199.2
192,8,7,23,2025-04-14,4,142.4
193,8,15,7,2025-05-14,3,113.6
194,7,6,6,2025-05-20,7,177.3
