stop_id,route_id,shipment_id,seq,city,leg_km,dwell_min,arrived_at,departed_at
1,1,1,1,Köln,22.5,5,2025-04-19 08:40:00,2025-04-19 08:45:00
2,1,2,2,München,23.3,35,2025-04-19 10:55:00,2025-04-19 11:30:00
3,1,3,3,Frankfurt,34.8,5,2025-04-19 11:40:00,2025-04-19 11:45:00
4,2,4,1,Leipzig,28.8,24,2025-04-25 09:40:00,2025-04-25 10:04:00
5,2,5,2,Frankfurt,6.8,24,2025-04-25 10:10:00,2025-04-25 10:34:00
6,2,6,3,Frankfurt,46.9,8,2025-04-25 10:55:00,2025-04-25 11:03:00
7,2,7,4,Berlin,10.5,13,2025-04-25 12:55:00,2025-04-25 13:08:00
8,2,8,5,Stuttgart,22.5,23,2025-04-25 13:25:00,2025-04-25 13:48:00
9,2,9,6,München,11.2,21,2025-04-25 13:40:00,2025-04-25 14:01:00
10,2,10,7,Frankfurt,30.1,8,2025-04-25 16:40:00,2025-04-25 16:48:00
11,3,11,1,München,45.9,7,2025-06-27 09:00:00,2025-06-27 09:07:00
12,3,12,2,Hamburg,45.5,28,2025-06-27 10:40:00,2025-06-27 11:08:00
13,3,13,3,Leipzig,10.2,20,2025-06-27 11:45:00,2025-06-27 12:05:00
14,4,14,1,München,29.2,18,2025-04-05 09:40:00,2025-04-05 09:58:00
15,4,15,2,Hamburg,38.3,15,2025-04-05 11:40:00,2025-04-05 11:55:00
16,4,16,3,Berlin,39.6,12,2025-04-05 11:40:00,2025-04-05 11:52:00
17,4,17,4,Köln,13.5,31,2025-04-05 12:25:00,2025-04-05 12:56:00
18,5,18,1,Köln,43.0,5,2025-04-18 09:25:00,2025-04-18 09:30:00
19,5,19,2,München,30.5,29,2025-04-18 11:25:00,2025-04-18 11:54:00
20,5,20,3,Frankfurt,26.5,12,2025-04-18 11:55:00,2025-04-18 12:07:00
21,6,21,1,Köln,18.9,28,2025-05-06 08:55:00,2025-05-06 09:23:00
22,6,22,2,Leipzig,41.8,31,2025-05-06 10:55:00,2025-05-06 11:26:00
23,6,23,3,Frankfurt,22.8,6,2025-05-06 11:10:00,2025-05-06 11:16:00
24,6,24,4,Frankfurt,18.0,16,2025-05-06 13:25:00,2025-05-06 13:41:00
25,6,25,5,Leipzig,6.5,31,2025-05-06 14:10:00,2025-05-06 14:41:00
26,7,26,1,Köln,29.2,13,2025-06-13 10:10:00,2025-06-13 10:23:00
27,7,27,2,Berlin,33.0,33,2025-06-13 10:55:00,2025-06-13 11:28:00
28,7,28,3,Hamburg,43.4,30,2025-06-13 11:40:00,2025-06-13 12:10:00
29,7,29,4,Köln,24.8,23,2025-06-13 12:55:00,2025-06-13 13:18:00
30,8,30,1,München,30.5,32,2025-04-17 10:25:00,2025-04-17 10:57:00
31,8,31,2,Frankfurt,45.9,20,2025-04-17 10:10:00,2025-04-17 10:30:00
32,8,32,3,Hamburg,14.6,14,2025-04-17 12:40:00,2025-04-17 12:54:00
33,9,33,1,Stuttgart,47.8,25,2025-06-26 09:25:00,2025-06-26 09:50:00
34,9,34,2,Leipzig,32.4,26,2025-06-26 10:30:00,2025-06-26 10:56:00
35,9,35,3,Berlin,42.6,15,2025-06-26 11:25:00,2025-06-26 11:40:00
36,9,36,4,Stuttgart,13.0,4,2025-06-26 12:10:00,2025-06-26 12:14:00
37,9,37,5,Frankfurt,29.7,21,2025-06-26 13:40:00,2025-06-26 14:01:00
38,9,38,6,München,39.8,22,2025-06-26 14:40:00,2025-06-26 15:02:00
39,10,39,1,München,24.9,22,2025-05-16 09:45:00,2025-05-16 10:07:00
40,10,40,2,Stuttgart,39.7,28,2025-05-16 10:00:00,2025-05-16 10:28:00
41,10,41,3,Hamburg,39.8,27,2025-05-16 11:15:00,2025-05-16 11:42:00
42,11,42,1,Hamburg,20.3,21,2025-04-02 09:40:00,2025-04-02 10:01:00
43,11,43,2,Köln,37.4,14,2025-04-02 11:40:00,2025-04-02 11:54:00
44,11,44,3,Stuttgart,41.8,12,2025-04-02 11:10:00,2025-04-02 11:22:00
45,12,45,1,München,11.5,23,2025-06-03 09:15:00,2025-06-03 09:38:00
46,12,46,2,München,23.0,13,2025-06-03 10:15:00,2025-06-03 10:28:00
47,12,47,3,Hamburg,39.3,19,2025-06-03 11:55:00,2025-06-03 12:14:00
48,12,48,4,Leipzig,38.4,34,2025-06-03 12:40:00,2025-06-03 13:14:00
49,12,49,5,Frankfurt,11.6,29,2025-06-03 12:40:00,2025-06-03 13:09:00
50,12,50,6,Frankfurt,46.8,35,2025-06-03 13:55:00,2025-06-03 14:30:00
51,13,51,1,Leipzig,31.0,13,2025-04-03 09:10:00,2025-04-03 09:23:00
52,13,52,2,Berlin,7.9,28,2025-04-03 11:40:00,2025-04-03 12:08:00
53,13,53,3,Berlin,22.2,22,2025-04-03 11:25:00,2025-04-03 11:47:00
54,14,54,1,Berlin,8.8,11,2025-06-18 09:55:00,2025-06-18 10:06:00
55,14,55,2,Frankfurt,31.6,17,2025-06-18 10:40:00,2025-06-18 10:57:00
56,14,56,3,Leipzig,41.2,5,2025-06-18 12:40:00,2025-06-18 12:45:00
57,14,57,4,Berlin,24.9,8,2025-06-18 13:10:00,2025-06-18 13:18:00
58,14,58,5,Köln,35.3,35,2025-06-18 13:40:00,2025-06-18 14:15:00
59,14,59,6,Köln,41.9,34,2025-06-18 14:45:00,2025-06-18 15:19:00
60,15,60,1,Köln,45.7,12,2025-05-28 09:55:00,2025-05-28 10:07:00
61,15,61,2,Berlin,43.0,5,2025-05-28 10:55:00,2025-05-28 11:00:00
62,15,62,3,Hamburg,38.7,10,2025-05-28 11:40:00,2025-05-28 11:50:00
63,15,63,4,Frankfurt,14.5,28,2025-05-28 12:55:00,2025-05-28 13:23:00
64,15,64,5,Köln,30.3,15,2025-05-28 13:40:00,2025-05-28 13:55:00
65,16,65,1,Stuttgart,22.4,17,2025-05-08 08:55:00,2025-05-08 09:12:00
66,16,66,2,Berlin,41.4,20,2025-05-08 10:10:00,2025-05-08 10:30:00
67,16,67,3,Berlin,13.2,4,2025-05-08 12:10:00,2025-05-08 12:14:00
68,17,68,1,München,7.5,7,2025-06-17 08:55:00,2025-06-17 09:02:00
69,17,69,2,Frankfurt,7.3,5,2025-06-17 10:40:00,2025-06-17 10:45:00
70,17,70,3,München,18.7,15,2025-06-17 11:40:00,2025-06-17 11:55:00
71,17,71,4,Köln,10.6,29,2025-06-17 12:55:00,2025-06-17 13:24:00
72,17,72,5,Stuttgart,32.2,18,2025-06-17 13:45:00,2025-06-17 14:03:00
73,17,73,6,Leipzig,8.5,33,2025-06-17 13:40:00,2025-06-17 14:13:00
74,18,74,1,Stuttgart,46.2,12,2025-04-21 09:10:00,2025-04-21 09:22:00
75,18,75,2,Köln,37.8,32,2025-04-21 09:55:00,2025-04-21 10:27:00
76,18,76,3,Stuttgart,40.4,15,2025-04-21 11:55:00,2025-04-21 12:10:00
77,18,77,4,Köln,14.1,24,2025-04-21 11:55:00,2025-04-21 12:19:00
78,18,78,5,Berlin,46.3,11,2025-04-21 13:55:00,2025-04-21 14:06:00
79,18,79,6,Köln,25.0,5,2025-04-21 15:10:00,2025-04-21 15:15:00
80,19,80,1,Köln,13.1,19,2025-06-10 09:10:00,2025-06-10 09:29:00
81,19,81,2,Leipzig,36.1,18,2025-06-10 10:15:00,2025-06-10 10:33:00
82,19,82,3,Frankfurt,34.9,13,2025-06-10 11:45:00,2025-06-10 11:58:00
83,20,83,1,Berlin,12.9,26,2025-04-03 09:45:00,2025-04-03 10:11:00
84,20,84,2,München,40.7,12,2025-04-03 10:25:00,2025-04-03 10:37:00
85,20,85,3,Leipzig,34.5,6,2025-04-03 11:40:00,2025-04-03 11:46:00
86,20,86,4,Hamburg,36.2,16,2025-04-03 12:40:00,2025-04-03 12:56:00
87,20,87,5,Hamburg,34.6,18,2025-04-03 13:55:00,2025-04-03 14:13:00
88,21,88,1,München,22.9,32,2025-05-10 08:40:00,2025-05-10 09:12:00
89,21,89,2,Köln,18.4,34,2025-05-10 10:10:00,2025-05-10 10:44:00
90,21,90,3,Leipzig,13.4,8,2025-05-10 10:40:00,2025-05-10 10:48:00
91,21,91,4,Hamburg,33.9,23,2025-05-10 12:25:00,2025-05-10 12:48:00
92,21,92,5,Berlin,45.1,25,2025-05-10 13:55:00,2025-05-10 14:20:00
93,22,93,1,Köln,15.3,31,2025-05-25 09:25:00,2025-05-25 09:56:00
94,22,94,2,München,6.3,22,2025-05-25 10:10:00,2025-05-25 10:32:00
95,22,95,3,Köln,4.6,13,2025-05-25 11:40:00,2025-05-25 11:53:00
96,22,96,4,München,24.9,16,2025-05-25 13:10:00,2025-05-25 13:26:00
97,22,97,5,Leipzig,43.3,25,2025-05-25 13:10:00,2025-05-25 13:35:00
98,22,98,6,Frankfurt,6.0,6,2025-05-25 15:10:00,2025-05-25 15:16:00
99,23,99,1,Hamburg,39.9,32,2025-06-22 09:55:00,2025-06-22 10:27:00
100,23,100,2,Hamburg,18.8,15,2025-06-22 10:25:00,2025-06-22 10:40:00
101,23,101,3,Leipzig,34.1,29,2025-06-22 11:25:00,2025-06-22 11:54:00
102,23,102,4,Hamburg,28.7,18,2025-06-22 13:10:00,2025-06-22 13:28:00
103,23,103,5,Berlin,43.4,4,2025-06-22 13:55:00,2025-06-22 13:59:00
104,24,104,1,Köln,6.0,34,2025-06-15 09:00:00,2025-06-15 09:34:00
105,24,105,2,Berlin,39.6,20,2025-06-15 10:40:00,2025-06-15 11:00:00
106,24,106,3,Leipzig,29.4,26,2025-06-15 11:10:00,2025-06-15 11:36:00
107,25,107,1,München,27.7,17,2025-05-23 09:55:00,2025-05-23 10:12:00
108,25,108,2,Berlin,47.4,22,2025-05-23 10:10:00,2025-05-23 10:32:00
109,25,109,3,Leipzig,17.9,6,2025-05-23 11:30:00,2025-05-23 11:36:00
110,25,110,4,Berlin,41.5,23,2025-05-23 12:40:00,2025-05-23 13:03:00
111,25,111,5,Köln,8.3,34,2025-05-23 13:00:00,2025-05-23 13:34:00
112,25,112,6,Hamburg,18.1,23,2025-05-23 15:10:00,2025-05-23 15:33:00
113,25,113,7,Frankfurt,17.3,12,2025-05-23 15:25:00,2025-05-23 15:37:00
114,26,114,1,Köln,47.3,24,2025-06-16 09:10:00,2025-06-16 09:34:00
115,26,115,2,München,15.9,30,2025-06-16 10:45:00,2025-06-16 11:15:00
116,26,116,3,Berlin,15.6,13,2025-06-16 11:40:00,2025-06-16 11:53:00
117,26,117,4,Berlin,38.8,12,2025-06-16 12:10:00,2025-06-16 12:22:00
118,26,118,5,Stuttgart,14.8,7,2025-06-16 13:00:00,2025-06-16 13:07:00
119,26,119,6,Leipzig,15.7,12,2025-06-16 14:40:00,2025-06-16 14:52:00
120,27,120,1,Leipzig,16.7,10,2025-06-26 09:55:00,2025-06-26 10:05:00
121,27,121,2,Leipzig,20.0,6,2025-06-26 10:25:00,2025-06-26 10:31:00
122,27,122,3,München,12.4,16,2025-06-26 12:25:00,2025-06-26 12:41:00
123,27,123,4,Leipzig,46.6,34,2025-06-26 13:10:00,2025-06-26 13:44:00
124,27,124,5,Hamburg,29.6,12,2025-06-26 13:10:00,2025-06-26 13:22:00
125,28,125,1,Berlin,5.1,6,2025-06-03 09:25:00,2025-06-03 09:31:00
126,28,126,2,Berlin,34.8,26,2025-06-03 10:55:00,2025-06-03 11:21:00
127,28,127,3,Hamburg,27.5,30,2025-06-03 12:40:00,2025-06-03 13:10:00
128,28,128,4,Berlin,14.3,14,2025-06-03 11:40:00,2025-06-03 11:54:00
129,28,129,5,Köln,44.8,31,2025-06-03 13:45:00,2025-06-03 14:16:00
130,28,130,6,München,24.1,11,2025-06-03 14:40:00,2025-06-03 14:51:00
131,28,131,7,Stuttgart,16.9,14,2025-06-03 15:55:00,2025-06-03 16:09:00
132,29,132,1,München,13.7,16,2025-04-26 09:10:00,2025-04-26 09:26:00
133,29,133,2,Berlin,44.6,21,2025-04-26 10:25:00,2025-04-26 10:46:00
134,29,134,3,Leipzig,41.6,7,2025-04-26 11:40:00,2025-04-26 11:47:00
135,29,135,4,München,30.5,32,2025-04-26 12:55:00,2025-04-26 13:27:00
136,29,136,5,Stuttgart,20.3,22,2025-04-26 13:55:00,2025-04-26 14:17:00
137,29,137,6,Berlin,12.8,23,2025-04-26 15:10:00,2025-04-26 15:33:00
138,29,138,7,Frankfurt,47.1,25,2025-04-26 15:25:00,2025-04-26 15:50:00
139,30,139,1,Frankfurt,45.3,16,2025-05-01 08:55:00,2025-05-01 09:11:00
140,30,140,2,München,22.7,26,2025-05-01 10:15:00,2025-05-01 10:41:00
141,30,141,3,Köln,17.8,30,2025-05-01 12:25:00,2025-05-01 12:55:00
142,30,142,4,Berlin,28.1,18,2025-05-01 13:10:00,2025-05-01 13:28:00
143,31,143,1,München,44.5,8,2025-04-25 09:30:00,2025-04-25 09:38:00
144,31,144,2,Berlin,8.3,35,2025-04-25 10:45:00,2025-04-25 11:20:00
145,31,145,3,München,33.2,4,2025-04-25 11:25:00,2025-04-25 11:29:00
146,31,146,4,Frankfurt,23.4,18,2025-04-25 12:25:00,2025-04-25 12:43:00
147,31,147,5,Hamburg,25.8,14,2025-04-25 13:55:00,2025-04-25 14:09:00
148,31,148,6,Berlin,27.6,32,2025-04-25 13:40:00,2025-04-25 14:12:00
149,31,149,7,Hamburg,34.2,35,2025-04-25 15:10:00,2025-04-25 15:45:00
150,32,150,1,Stuttgart,17.4,25,2025-05-12 09:10:00,2025-05-12 09:35:00
151,32,151,2,Stuttgart,25.4,34,2025-05-12 10:55:00,2025-05-12 11:29:00
152,32,152,3,Hamburg,43.7,16,2025-05-12 12:10:00,2025-05-12 12:26:00
153,32,153,4,Berlin,29.0,12,2025-05-12 12:40:00,2025-05-12 12:52:00
154,33,154,1,Köln,13.0,5,2025-05-25 08:40:00,2025-05-25 08:45:00
155,33,155,2,Hamburg,34.5,33,2025-05-25 10:25:00,2025-05-25 10:58:00
156,33,156,3,Leipzig,36.1,4,2025-05-25 11:15:00,2025-05-25 11:19:00
157,34,157,1,München,28.9,6,2025-05-10 09:40:00,2025-05-10 09:46:00
158,34,158,2,Berlin,41.7,8,2025-05-10 10:25:00,2025-05-10 10:33:00
159,34,159,3,München,26.3,20,2025-05-10 11:10:00,2025-05-10 11:30:00
160,34,160,4,München,42.2,8,2025-05-10 12:25:00,2025-05-10 12:33:00
161,35,161,1,Frankfurt,43.6,19,2025-04-27 10:25:00,2025-04-27 10:44:00
162,35,162,2,Köln,21.5,17,2025-04-27 10:25:00,2025-04-27 10:42:00
163,35,163,3,München,26.2,8,2025-04-27 11:55:00,2025-04-27 12:03:00
164,35,164,4,Berlin,15.9,32,2025-04-27 12:25:00,2025-04-27 12:57:00
165,35,165,5,Stuttgart,20.6,35,2025-04-27 14:40:00,2025-04-27 15:15:00
166,35,166,6,Leipzig,4.6,7,2025-04-27 14:40:00,2025-04-27 14:47:00
167,36,167,1,Frankfurt,39.3,22,2025-04-20 09:15:00,2025-04-20 09:37:00
168,36,168,2,Frankfurt,21.8,30,2025-04-20 10:45:00,2025-04-20 11:15:00
169,36,169,3,Leipzig,32.0,11,2025-04-20 11:10:00,2025-04-20 11:21:00
170,36,170,4,Frankfurt,12.3,6,2025-04-20 12:40:00,2025-04-20 12:46:00
171,36,171,5,Hamburg,28.3,14,2025-04-20 13:40:00,2025-04-20 13:54:00
172,37,172,1,Leipzig,31.8,12,2025-04-30 09:30:00,2025-04-30 09:42:00
173,37,173,2,Stuttgart,9.3,19,2025-04-30 10:10:00,2025-04-30 10:29:00
174,37,174,3,Leipzig,39.4,15,2025-04-30 11:25:00,2025-04-30 11:40:00
175,38,175,1,Frankfurt,12.5,14,2025-04-18 09:55:00,2025-04-18 10:09:00
176,38,176,2,Hamburg,4.9,9,2025-04-18 10:40:00,2025-04-18 10:49:00
177,38,177,3,Köln,17.2,30,2025-04-18 11:15:00,2025-04-18 11:45:00
178,38,178,4,Stuttgart,28.9,22,2025-04-18 11:40:00,2025-04-18 12:02:00
179,38,179,5,München,28.3,34,2025-04-18 13:45:00,2025-04-18 14:19:00
180,38,180,6,Berlin,14.3,20,2025-04-18 14:10:00,2025-04-18 14:30:00
181,38,181,7,Leipzig,6.9,24,2025-04-18 14:40:00,2025-04-18 15:04:00
182,39,182,1,Köln,19.0,14,2025-04-10 09:55:00,2025-04-10 10:09:00
183,39,183,2,Hamburg,46.5,16,2025-04-10 10:25:00,2025-04-10 10:41:00
184,39,184,3,Berlin,13.8,10,2025-04-10 11:15:00,2025-04-10 11:25:00
185,39,185,4,Frankfurt,17.7,7,2025-04-10 12:40:00,2025-04-10 12:47:00
186,39,186,5,Köln,9.6,33,2025-04-10 14:10:00,2025-04-10 14:43:00
187,39,187,6,Frankfurt,10.3,6,2025-04-10 14:55:00,2025-04-10 15:01:00
188,39,188,7,Stuttgart,6.0,29,2025-04-10 15:55:00,2025-04-10 16:24:00
189,40,189,1,Leipzig,8.5,7,2025-06-04 09:55:00,2025-06-04 10:02:00
190,40,190,2,Stuttgart,29.0,13,2025-06-04 11:10:00,2025-06-04 11:23:00
191,40,191,3,München,8.4,27,2025-06-04 11:45:00,2025-06-04 12:12:00
192,40,192,4,München,38.6,21,2025-06-04 12:45:00,2025-06-04 13:06:00
193,41,193,1,Frankfurt,8.2,5,2025-06-05 09:40:00,2025-06-05 09:45:00
194,41,194,2,Hamburg,8.3,19,2025-06-05 10:40:00,2025-06-05 10:59:00
195,41,195,3,Köln,39.2,27,2025-06-05 10:55:00,2025-06-05 11:22:00
196,41,196,4,Leipzig,32.8,13,2025-06-05 12:25:00,2025-06-05 12:38:00
197,41,197,5,Berlin,14.4,27,2025-06-05 13:25:00,2025-06-05 13:52:00
198,41,198,6,Köln,40.2,5,2025-06-05 14:25:00,2025-06-05 14:30:00
199,41,199,7,Berlin,9.3,8,2025-06-05 15:30:00,2025-06-05 15:38:00
200,42,200,1,Leipzig,39.3,33,2025-06-08 09:10:00,2025-06-08 09:43:00
201,42,201,2,Frankfurt,16.2,14,2025-06-08 11:40:00,2025-06-08 11:54:00
202,42,202,3,Stuttgart,43.5,7,2025-06-08 11:25:00,2025-06-08 11:32:00
203,42,203,4,Stuttgart,45.8,27,2025-06-08 12:25:00,2025-06-08 12:52:00
204,42,204,5,Köln,39.0,33,2025-06-08 13:40:00,2025-06-08 14:13:00
205,43,205,1,Leipzig,16.7,7,2025-05-07 09:45:00,2025-05-07 09:52:00
206,43,206,2,Stuttgart,19.9,7,2025-05-07 10:15:00,2025-05-07 10:22:00
207,43,207,3,Hamburg,16.9,12,2025-05-07 11:55:00,2025-05-07 12:07:00
208,43,208,4,Hamburg,43.2,14,2025-05-07 12:25:00,2025-05-07 12:39:00
209,43,209,5,Berlin,30.3,17,2025-05-07 13:15:00,2025-05-07 13:32:00
210,44,210,1,Berlin,29.3,33,2025-04-13 09:25:00,2025-04-13 09:58:00
211,44,211,2,Stuttgart,36.9,28,2025-04-13 09:40:00,2025-04-13 10:08:00
212,44,212,3,Frankfurt,18.9,31,2025-04-13 11:15:00,2025-04-13 11:46:00
213,44,213,4,Köln,44.1,16,2025-04-13 12:40:00,2025-04-13 12:56:00
214,44,214,5,Köln,22.0,7,2025-04-13 13:40:00,2025-04-13 13:47:00
215,44,215,6,Berlin,25.9,25,2025-04-13 14:25:00,2025-04-13 14:50:00
216,44,216,7,München,16.0,18,2025-04-13 15:40:00,2025-04-13 15:58:00
217,45,217,1,München,9.8,7,2025-05-19 09:40:00,2025-05-19 09:47:00
218,45,218,2,Leipzig,36.6,7,2025-05-19 10:40:00,2025-05-19 10:47:00
219,45,219,3,München,47.6,19,2025-05-19 11:55:00,2025-05-19 12:14:00
220,45,220,4,Berlin,19.2,32,2025-05-19 12:25:00,2025-05-19 12:57:00
221,45,221,5,Köln,8.1,8,2025-05-19 13:40:00,2025-05-19 13:48:00
222,46,222,1,Stuttgart,43.2,26,2025-05-08 10:10:00,2025-05-08 10:36:00
223,46,223,2,Frankfurt,31.6,25,2025-05-08 10:40:00,2025-05-08 11:05:00
224,46,224,3,Stuttgart,42.8,17,2025-05-08 11:30:00,2025-05-08 11:47:00
225,47,225,1,Leipzig,6.1,32,2025-06-12 09:30:00,2025-06-12 10:02:00
226,47,226,2,Stuttgart,23.2,29,2025-06-12 09:55:00,2025-06-12 10:24:00
227,47,227,3,Frankfurt,25.6,20,2025-06-12 12:25:00,2025-06-12 12:45:00
228,47,228,4,Köln,11.7,11,2025-06-12 12:25:00,2025-06-12 12:36:00
229,48,229,1,Leipzig,22.0,15,2025-05-29 09:15:00,2025-05-29 09:30:00
230,48,230,2,Stuttgart,10.7,10,2025-05-29 10:10:00,2025-05-29 10:20:00
231,48,231,3,Berlin,40.5,21,2025-05-29 12:10:00,2025-05-29 12:31:00
232,49,232,1,Leipzig,13.5,15,2025-05-11 09:30:00,2025-05-11 09:45:00
233,49,233,2,Leipzig,28.1,8,2025-05-11 10:55:00,2025-05-11 11:03:00
234,49,234,3,Köln,17.9,31,2025-05-11 11:40:00,2025-05-11 12:11:00
235,49,235,4,Köln,33.8,23,2025-05-11 13:10:00,2025-05-11 13:33:00
236,49,236,5,Köln,8.9,12,2025-05-11 13:25:00,2025-05-11 13:37:00
237,49,237,6,Stuttgart,11.7,16,2025-05-11 14:55:00,2025-05-11 15:11:00
238,49,238,7,Berlin,31.4,27,2025-05-11 16:10:00,2025-05-11 16:37:00
239,50,239,1,München,7.6,30,2025-04-18 09:30:00,2025-04-18 10:00:00
240,50,240,2,Frankfurt,47.2,22,2025-04-18 10:00:00,2025-04-18 10:22:00
241,50,241,3,München,39.3,7,2025-04-18 11:55:00,2025-04-18 12:02:00
242,50,242,4,Leipzig,19.8,29,2025-04-18 12:10:00,2025-04-18 12:39:00
243,50,243,5,Frankfurt,15.2,33,2025-04-18 13:10:00,2025-04-18 13:43:00
244,50,244,6,Berlin,21.4,24,2025-04-18 14:40:00,2025-04-18 15:04:00
245,50,245,7,Leipzig,41.4,35,2025-04-18 15:40:00,2025-04-18 16:15:00
246,51,246,1,Frankfurt,15.8,15,2025-04-06 09:25:00,2025-04-06 09:40:00
247,51,247,2,Leipzig,7.4,34,2025-04-06 09:55:00,2025-04-06 10:29:00
248,51,248,3,Köln,44.9,13,2025-04-06 12:40:00,2025-04-06 12:53:00
249,51,249,4,Leipzig,11.8,23,2025-04-06 12:25:00,2025-04-06 12:48:00
250,51,250,5,Hamburg,9.3,23,2025-04-06 13:40:00,2025-04-06 14:03:00
251,51,251,6,Stuttgart,25.0,21,2025-04-06 14:00:00,2025-04-06 14:21:00
252,52,252,1,Leipzig,39.5,35,2025-06-25 09:55:00,2025-06-25 10:30:00
253,52,253,2,Berlin,33.0,9,2025-06-25 10:40:00,2025-06-25 10:49:00
254,52,254,3,Köln,45.4,27,2025-06-25 11:25:00,2025-06-25 11:52:00
255,52,255,4,München,39.6,25,2025-06-25 12:10:00,2025-06-25 12:35:00
256,53,256,1,Berlin,9.8,35,2025-05-04 08:55:00,2025-05-04 09:30:00
257,53,257,2,Frankfurt,13.3,7,2025-05-04 11:40:00,2025-05-04 11:47:00
258,53,258,3,Berlin,37.4,19,2025-05-04 11:40:00,2025-05-04 11:59:00
259,53,259,4,Stuttgart,21.1,15,2025-05-04 12:10:00,2025-05-04 12:25:00
260,53,260,5,Frankfurt,16.3,25,2025-05-04 14:10:00,2025-05-04 14:35:00
261,54,261,1,Leipzig,30.4,25,2025-04-05 09:25:00,2025-04-05 09:50:00
262,54,262,2,Hamburg,42.7,24,2025-04-05 10:55:00,2025-04-05 11:19:00
263,54,263,3,Berlin,36.5,21,2025-04-05 12:40:00,2025-04-05 13:01:00
264,54,264,4,Köln,10.7,13,2025-04-05 12:40:00,2025-04-05 12:53:00
265,55,265,1,Köln,30.5,26,2025-05-31 09:15:00,2025-05-31 09:41:00
266,55,266,2,Hamburg,38.5,23,2025-05-31 11:10:00,2025-05-31 11:33:00
267,55,267,3,Hamburg,26.9,19,2025-05-31 11:15:00,2025-05-31 11:34:00
268,55,268,4,Stuttgart,4.9,10,2025-05-31 11:55:00,2025-05-31 12:05:00
269,56,269,1,Leipzig,42.7,32,2025-05-08 10:25:00,2025-05-08 10:57:00
270,56,270,2,München,32.4,7,2025-05-08 10:25:00,2025-05-08 10:32:00
271,56,271,3,Frankfurt,41.9,18,2025-05-08 11:10:00,2025-05-08 11:28:00
272,56,272,4,Köln,24.4,18,2025-05-08 12:25:00,2025-05-08 12:43:00
273,56,273,5,Hamburg,23.9,18,2025-05-08 13:25:00,2025-05-08 13:43:00
274,57,274,1,Leipzig,22.1,24,2025-04-15 08:55:00,2025-04-15 09:19:00
275,57,275,2,Leipzig,34.2,32,2025-04-15 10:10:00,2025-04-15 10:42:00
276,57,276,3,Hamburg,4.2,13,2025-04-15 10:40:00,2025-04-15 10:53:00
277,57,277,4,Frankfurt,35.8,6,2025-04-15 12:55:00,2025-04-15 13:01:00
278,57,278,5,Berlin,15.4,5,2025-04-15 13:25:00,2025-04-15 13:30:00
279,57,279,6,Hamburg,14.7,26,2025-04-15 14:30:00,2025-04-15 14:56:00
280,58,280,1,Frankfurt,39.5,23,2025-06-27 09:10:00,2025-06-27 09:33:00
281,58,281,2,München,7.0,25,2025-06-27 10:10:00,2025-06-27 10:35:00
282,58,282,3,Frankfurt,36.1,10,2025-06-27 11:10:00,2025-06-27 11:20:00
283,58,283,4,Berlin,39.6,19,2025-06-27 12:55:00,2025-06-27 13:14:00
284,58,284,5,Köln,47.3,11,2025-06-27 14:40:00,2025-06-27 14:51:00
285,58,285,6,Frankfurt,38.1,27,2025-06-27 13:55:00,2025-06-27 14:22:00
286,59,286,1,Köln,36.4,10,2025-05-20 08:55:00,2025-05-20 09:05:00
287,59,287,2,Hamburg,6.3,30,2025-05-20 11:10:00,2025-05-20 11:40:00
288,59,288,3,München,13.7,9,2025-05-20 10:40:00,2025-05-20 10:49:00
289,59,289,4,Frankfurt,23.3,20,2025-05-20 12:40:00,2025-05-20 13:00:00
290,59,290,5,Berlin,40.6,34,2025-05-20 13:25:00,2025-05-20 13:59:00
291,59,291,6,Stuttgart,6.4,6,2025-05-20 14:25:00,2025-05-20 14:31:00
292,59,292,7,München,45.0,25,2025-05-20 14:55:00,2025-05-20 15:20:00
293,60,293,1,München,33.1,25,2025-04-22 08:55:00,2025-04-22 09:20:00
294,60,294,2,Berlin,28.8,27,2025-04-22 11:10:00,2025-04-22 11:37:00
295,60,295,3,Frankfurt,27.0,13,2025-04-22 11:30:00,2025-04-22 11:43:00
296,60,296,4,Frankfurt,36.8,13,2025-04-22 12:25:00,2025-04-22 12:38:00
297,60,297,5,Frankfurt,38.7,18,2025-04-22 13:25:00,2025-04-22 13:43:00
298,60,298,6,München,45.8,6,2025-04-22 14:25:00,2025-04-22 14:31:00
299,60,299,7,Leipzig,19.6,11,2025-04-22 16:25:00,2025-04-22 16:36:00
300,61,300,1,Frankfurt,45.3,28,2025-04-07 09:25:00,2025-04-07 09:53:00
301,61,301,2,Hamburg,33.6,30,2025-04-07 10:55:00,2025-04-07 11:25:00
302,61,302,3,Köln,40.9,32,2025-04-07 10:40:00,2025-04-07 11:12:00
303,61,303,4,Köln,41.6,34,2025-04-07 12:10:00,2025-04-07 12:44:00
304,61,304,5,Stuttgart,28.9,35,2025-04-07 13:55:00,2025-04-07 14:30:00
305,61,305,6,Berlin,24.2,13,2025-04-07 14:30:00,2025-04-07 14:43:00
306,61,306,7,Frankfurt,9.3,8,2025-04-07 15:40:00,2025-04-07 15:48:00
307,62,307,1,Frankfurt,11.9,34,2025-04-18 10:40:00,2025-04-18 11:14:00
308,62,308,2,Berlin,11.9,17,2025-04-18 11:10:00,2025-04-18 11:27:00
309,62,309,3,München,18.4,18,2025-04-18 11:25:00,2025-04-18 11:43:00
310,62,310,4,Berlin,10.8,12,2025-04-18 13:40:00,2025-04-18 13:52:00
311,63,311,1,Hamburg,4.9,13,2025-04-21 09:25:00,2025-04-21 09:38:00
312,63,312,2,Frankfurt,33.7,31,2025-04-21 11:25:00,2025-04-21 11:56:00
313,63,313,3,Leipzig,11.0,6,2025-04-21 11:10:00,2025-04-21 11:16:00
314,64,314,1,München,44.0,28,2025-06-07 09:10:00,2025-06-07 09:38:00
315,64,315,2,Köln,36.2,9,2025-06-07 10:45:00,2025-06-07 10:54:00
316,64,316,3,Frankfurt,47.5,11,2025-06-07 11:55:00,2025-06-07 12:06:00
317,65,317,1,Frankfurt,43.3,9,2025-06-28 09:25:00,2025-06-28 09:34:00
318,65,318,2,Stuttgart,18.5,12,2025-06-28 10:25:00,2025-06-28 10:37:00
319,65,319,3,Frankfurt,4.2,31,2025-06-28 11:40:00,2025-06-28 12:11:00
320,66,320,1,Stuttgart,16.8,14,2025-05-16 09:40:00,2025-05-16 09:54:00
321,66,321,2,Stuttgart,39.2,34,2025-05-16 10:00:00,2025-05-16 10:34:00
322,66,322,3,Frankfurt,35.2,26,2025-05-16 11:55:00,2025-05-16 12:21:00
323,67,323,1,Leipzig,46.3,34,2025-04-22 09:00:00,2025-04-22 09:34:00
324,67,324,2,Frankfurt,7.0,32,2025-04-22 10:55:00,2025-04-22 11:27:00
325,67,325,3,München,28.3,17,2025-04-22 11:55:00,2025-04-22 12:12:00
326,67,326,4,Köln,40.2,26,2025-04-22 13:10:00,2025-04-22 13:36:00
327,67,327,5,Stuttgart,30.8,9,2025-04-22 13:10:00,2025-04-22 13:19:00
328,67,328,6,Berlin,24.7,8,2025-04-22 14:45:00,2025-04-22 14:53:00
329,67,329,7,München,33.0,18,2025-04-22 15:40:00,2025-04-22 15:58:00
330,68,330,1,Frankfurt,15.6,30,2025-04-16 09:45:00,2025-04-16 10:15:00
331,68,331,2,Berlin,7.3,27,2025-04-16 10:25:00,2025-04-16 10:52:00
332,68,332,3,Köln,38.3,24,2025-04-16 11:10:00,2025-04-16 11:34:00
333,68,333,4,München,35.4,10,2025-04-16 11:40:00,2025-04-16 11:50:00
334,68,334,5,Frankfurt,47.4,29,2025-04-16 14:40:00,2025-04-16 15:09:00
335,68,335,6,Köln,30.4,34,2025-04-16 14:40:00,2025-04-16 15:14:00
336,69,336,1,München,34.1,10,2025-06-12 09:10:00,2025-06-12 09:20:00
337,69,337,2,Leipzig,28.1,8,2025-06-12 09:55:00,2025-06-12 10:03:00
338,69,338,3,Frankfurt,47.2,10,2025-06-12 10:55:00,2025-06-12 11:05:00
339,69,339,4,Frankfurt,10.0,29,2025-06-12 13:10:00,2025-06-12 13:39:00
340,69,340,5,Hamburg,13.2,23,2025-06-12 13:55:00,2025-06-12 14:18:00
341,69,341,6,München,15.5,14,2025-06-12 13:55:00,2025-06-12 14:09:00
342,70,342,1,Stuttgart,4.1,13,2025-06-14 09:10:00,2025-06-14 09:23:00
343,70,343,2,Berlin,46.1,34,2025-06-14 10:25:00,2025-06-14 10:59:00
344,70,344,3,Köln,14.6,7,2025-06-14 12:10:00,2025-06-14 12:17:00
345,71,345,1,Frankfurt,44.9,30,2025-04-19 09:55:00,2025-04-19 10:25:00
346,71,346,2,Berlin,46.4,10,2025-04-19 11:10:00,2025-04-19 11:20:00
347,71,347,3,Frankfurt,24.8,15,2025-04-19 11:25:00,2025-04-19 11:40:00
348,71,348,4,München,38.4,21,2025-04-19 12:10:00,2025-04-19 12:31:00
349,71,349,5,Frankfurt,40.5,18,2025-04-19 13:25:00,2025-04-19 13:43:00
350,71,350,6,Berlin,26.8,9,2025-04-19 13:55:00,2025-04-19 14:04:00
351,72,351,1,Stuttgart,38.2,23,2025-05-20 09:15:00,2025-05-20 09:38:00
352,72,352,2,Köln,42.2,28,2025-05-20 10:10:00,2025-05-20 10:38:00
353,72,353,3,Köln,25.5,18,2025-05-20 11:55:00,2025-05-20 12:13:00
354,73,354,1,Berlin,12.5,16,2025-04-08 09:55:00,2025-04-08 10:11:00
355,73,355,2,Hamburg,4.5,21,2025-04-08 10:15:00,2025-04-08 10:36:00
356,73,356,3,Berlin,25.9,22,2025-04-08 12:25:00,2025-04-08 12:47:00
357,73,357,4,Leipzig,8.9,28,2025-04-08 13:10:00,2025-04-08 13:38:00
358,73,358,5,München,35.3,26,2025-04-08 14:10:00,2025-04-08 14:36:00
359,74,359,1,Hamburg,14.4,18,2025-04-10 09:10:00,2025-04-10 09:28:00
360,74,360,2,Köln,42.0,26,2025-04-10 09:55:00,2025-04-10 10:21:00
361,74,361,3,Leipzig,36.9,32,2025-04-10 11:55:00,2025-04-10 12:27:00
362,74,362,4,Köln,20.6,10,2025-04-10 12:25:00,2025-04-10 12:35:00
363,74,363,5,München,17.3,24,2025-04-10 12:55:00,2025-04-10 13:19:00
364,74,364,6,Köln,45.4,28,2025-04-10 14:25:00,2025-04-10 14:53:00
365,74,365,7,Stuttgart,32.1,33,2025-04-10 16:10:00,2025-04-10 16:43:00
366,75,366,1,Frankfurt,40.6,15,2025-06-02 09:15:00,2025-06-02 09:30:00
367,75,367,2,Berlin,37.9,20,2025-06-02 10:00:00,2025-06-02 10:20:00
368,75,368,3,Hamburg,28.3,25,2025-06-02 11:55:00,2025-06-02 12:20:00
369,75,369,4,Leipzig,21.7,8,2025-06-02 12:30:00,2025-06-02 12:38:00
370,75,370,5,Hamburg,33.0,8,2025-06-02 13:55:00,2025-06-02 14:03:00
371,75,371,6,Leipzig,20.5,18,2025-06-02 14:10:00,2025-06-02 14:28:00
372,75,372,7,München,5.5,13,2025-06-02 15:40:00,2025-06-02 15:53:00
373,76,373,1,Stuttgart,33.5,19,2025-04-11 08:55:00,2025-04-11 09:14:00
374,76,374,2,Berlin,29.4,10,2025-04-11 10:00:00,2025-04-11 10:10:00
375,76,375,3,Berlin,35.6,12,2025-04-11 12:40:00,2025-04-11 12:52:00
376,76,376,4,Leipzig,4.9,32,2025-04-11 12:10:00,2025-04-11 12:42:00
377,76,377,5,Berlin,28.4,20,2025-04-11 12:55:00,2025-04-11 13:15:00
378,76,378,6,Hamburg,6.8,17,2025-04-11 14:55:00,2025-04-11 15:12:00
379,76,379,7,München,32.9,7,2025-04-11 15:55:00,2025-04-11 16:02:00
380,77,380,1,Köln,29.0,17,2025-06-22 10:40:00,2025-06-22 10:57:00
381,77,381,2,Stuttgart,30.1,29,2025-06-22 10:40:00,2025-06-22 11:09:00
382,77,382,3,Berlin,18.9,20,2025-06-22 10:55:00,2025-06-22 11:15:00
383,77,383,4,Leipzig,29.8,27,2025-06-22 12:55:00,2025-06-22 13:22:00
384,78,384,1,Frankfurt,17.5,11,2025-05-21 09:25:00,2025-05-21 09:36:00
385,78,385,2,Hamburg,35.4,30,2025-05-21 10:55:00,2025-05-21 11:25:00
386,78,386,3,Frankfurt,21.8,9,2025-05-21 11:25:00,2025-05-21 11:34:00
387,78,387,4,Hamburg,38.0,25,2025-05-21 11:40:00,2025-05-21 12:05:00
388,78,388,5,Hamburg,11.7,9,2025-05-21 13:10:00,2025-05-21 13:19:00
389,78,389,6,Köln,8.4,12,2025-05-21 14:10:00,2025-05-21 14:22:00
390,79,390,1,München,10.6,6,2025-05-11 08:55:00,2025-05-11 09:01:00
391,79,391,2,Frankfurt,41.3,6,2025-05-11 10:40:00,2025-05-11 10:46:00
392,79,392,3,München,15.6,12,2025-05-11 10:55:00,2025-05-11 11:07:00
393,79,393,4,Frankfurt,14.3,32,2025-05-11 12:10:00,2025-05-11 12:42:00
394,79,394,5,Berlin,21.3,33,2025-05-11 12:55:00,2025-05-11 13:28:00
395,79,395,6,München,39.0,15,2025-05-11 14:25:00,2025-05-11 14:40:00
396,80,396,1,Köln,31.8,12,2025-04-10 09:40:00,2025-04-10 09:52:00
397,80,397,2,Köln,11.5,28,2025-04-10 10:10:00,2025-04-10 10:38:00
398,80,398,3,Frankfurt,13.9,19,2025-04-10 12:40:00,2025-04-10 12:59:00
399,80,399,4,Stuttgart,34.9,8,2025-04-10 12:40:00,2025-04-10 12:48:00
400,81,400,1,München,17.9,25,2025-05-19 09:30:00,2025-05-19 09:55:00
401,81,401,2,Leipzig,45.6,30,2025-05-19 11:10:00,2025-05-19 11:40:00
402,81,402,3,Berlin,35.7,15,2025-05-19 11:30:00,2025-05-19 11:45:00
403,82,403,1,Frankfurt,5.8,11,2025-06-18 09:40:00,2025-06-18 09:51:00
404,82,404,2,Stuttgart,27.7,10,2025-06-18 10:00:00,2025-06-18 10:10:00
405,82,405,3,Leipzig,30.1,15,2025-06-18 11:40:00,2025-06-18 11:55:00
406,83,406,1,Köln,18.1,26,2025-06-30 09:40:00,2025-06-30 10:06:00
407,83,407,2,Leipzig,19.3,19,2025-06-30 10:25:00,2025-06-30 10:44:00
408,83,408,3,Hamburg,8.9,21,2025-06-30 11:25:00,2025-06-30 11:46:00
409,83,409,4,Stuttgart,34.1,28,2025-06-30 12:25:00,2025-06-30 12:53:00
410,83,410,5,München,18.7,8,2025-06-30 13:25:00,2025-06-30 13:33:00
411,84,411,1,Hamburg,15.8,10,2025-05-03 10:25:00,2025-05-03 10:35:00
412,84,412,2,München,31.2,20,2025-05-03 10:00:00,2025-05-03 10:20:00
413,84,413,3,Leipzig,45.1,16,2025-05-03 11:25:00,2025-05-03 11:41:00
414,84,414,4,Leipzig,44.6,32,2025-05-03 12:45:00,2025-05-03 13:17:00
415,84,415,5,Leipzig,8.2,12,2025-05-03 13:40:00,2025-05-03 13:52:00
416,84,416,6,Frankfurt,31.1,17,2025-05-03 14:40:00,2025-05-03 14:57:00
417,85,417,1,Hamburg,39.3,7,2025-05-04 09:45:00,2025-05-04 09:52:00
418,85,418,2,München,42.7,23,2025-05-04 10:10:00,2025-05-04 10:33:00
419,85,419,3,Stuttgart,35.0,14,2025-05-04 10:55:00,2025-05-04 11:09:00
420,85,420,4,Hamburg,29.1,13,2025-05-04 12:25:00,2025-05-04 12:38:00
421,85,421,5,Hamburg,23.5,14,2025-05-04 14:25:00,2025-05-04 14:39:00
422,85,422,6,Köln,30.9,21,2025-05-04 14:40:00,2025-05-04 15:01:00
423,86,423,1,Berlin,33.6,16,2025-04-29 09:10:00,2025-04-29 09:26:00
424,86,424,2,Frankfurt,4.8,31,2025-04-29 10:40:00,2025-04-29 11:11:00
425,86,425,3,Hamburg,15.8,28,2025-04-29 11:55:00,2025-04-29 12:23:00
426,86,426,4,Hamburg,26.3,22,2025-04-29 12:10:00,2025-04-29 12:32:00
427,87,427,1,Stuttgart,10.8,27,2025-05-11 09:55:00,2025-05-11 10:22:00
428,87,428,2,Frankfurt,16.4,30,2025-05-11 10:45:00,2025-05-11 11:15:00
429,87,429,3,Köln,26.7,21,2025-05-11 10:55:00,2025-05-11 11:16:00
430,88,430,1,Leipzig,33.0,20,2025-04-02 09:15:00,2025-04-02 09:35:00
431,88,431,2,Frankfurt,22.0,33,2025-04-02 10:15:00,2025-04-02 10:48:00
432,88,432,3,Hamburg,15.2,27,2025-04-02 11:10:00,2025-04-02 11:37:00
433,88,433,4,Stuttgart,9.2,28,2025-04-02 12:25:00,2025-04-02 12:53:00
434,88,434,5,Berlin,4.4,34,2025-04-02 14:40:00,2025-04-02 15:14:00
435,88,435,6,Stuttgart,17.4,11,2025-04-02 13:55:00,2025-04-02 14:06:00
436,89,436,1,Berlin,43.9,11,2025-06-27 09:00:00,2025-06-27 09:11:00
437,89,437,2,Hamburg,39.7,16,2025-06-27 11:25:00,2025-06-27 11:41:00
438,89,438,3,München,41.0,16,2025-06-27 11:25:00,2025-06-27 11:41:00
439,89,439,4,Köln,19.3,8,2025-06-27 11:55:00,2025-06-27 12:03:00
440,89,440,5,Hamburg,17.4,6,2025-06-27 13:55:00,2025-06-27 14:01:00
441,90,441,1,Hamburg,16.8,34,2025-04-24 08:55:00,2025-04-24 09:29:00
442,90,442,2,Hamburg,39.5,22,2025-04-24 10:15:00,2025-04-24 10:37:00
443,90,443,3,München,41.6,11,2025-04-24 11:10:00,2025-04-24 11:21:00
444,91,444,1,Stuttgart,9.1,21,2025-05-23 09:55:00,2025-05-23 10:16:00
445,91,445,2,München,27.1,8,2025-05-23 10:40:00,2025-05-23 10:48:00
446,91,446,3,München,15.2,26,2025-05-23 12:10:00,2025-05-23 12:36:00
447,91,447,4,Hamburg,29.0,12,2025-05-23 11:55:00,2025-05-23 12:07:00
448,92,448,1,Stuttgart,37.8,27,2025-05-24 09:25:00,2025-05-24 09:52:00
449,92,449,2,Leipzig,15.6,25,2025-05-24 10:00:00,2025-05-24 10:25:00
450,92,450,3,Leipzig,36.0,25,2025-05-24 10:55:00,2025-05-24 11:20:00
451,92,451,4,Leipzig,46.5,29,2025-05-24 12:55:00,2025-05-24 13:24:00
452,92,452,5,Köln,17.6,22,2025-05-24 14:10:00,2025-05-24 14:32:00
453,93,453,1,Leipzig,11.4,19,2025-04-23 09:10:00,2025-04-23 09:29:00
454,93,454,2,Köln,20.0,25,2025-04-23 10:25:00,2025-04-23 10:50:00
455,93,455,3,Berlin,11.8,35,2025-04-23 11:25:00,2025-04-23 12:00:00
456,93,456,4,Leipzig,33.2,16,2025-04-23 11:55:00,2025-04-23 12:11:00
457,93,457,5,Leipzig,47.3,30,2025-04-23 14:10:00,2025-04-23 14:40:00
458,94,458,1,Köln,28.1,35,2025-04-12 08:55:00,2025-04-12 09:30:00
459,94,459,2,Köln,19.9,31,2025-04-12 10:00:00,2025-04-12 10:31:00
460,94,460,3,Frankfurt,27.1,26,2025-04-12 11:55:00,2025-04-12 12:21:00
461,94,461,4,Frankfurt,34.7,24,2025-04-12 12:40:00,2025-04-12 13:04:00
462,94,462,5,Stuttgart,46.5,26,2025-04-12 13:10:00,2025-04-12 13:36:00
463,94,463,6,Berlin,26.3,27,2025-04-12 14:40:00,2025-04-12 15:07:00
464,94,464,7,Köln,41.8,34,2025-04-12 15:25:00,2025-04-12 15:59:00
465,95,465,1,Frankfurt,15.8,9,2025-05-10 09:25:00,2025-05-10 09:34:00
466,95,466,2,Hamburg,8.5,13,2025-05-10 11:10:00,2025-05-10 11:23:00
467,95,467,3,Frankfurt,7.6,5,2025-05-10 11:40:00,2025-05-10 11:45:00
468,95,468,4,Berlin,29.8,4,2025-05-10 12:10:00,2025-05-10 12:14:00
469,95,469,5,Frankfurt,36.8,4,2025-05-10 14:40:00,2025-05-10 14:44:00
470,95,470,6,Stuttgart,17.9,9,2025-05-10 14:00:00,2025-05-10 14:09:00
471,95,471,7,Frankfurt,37.2,10,2025-05-10 14:55:00,2025-05-10 15:05:00
472,96,472,1,Stuttgart,4.5,20,2025-06-06 09:40:00,2025-06-06 10:00:00
473,96,473,2,Frankfurt,14.6,29,2025-06-06 10:10:00,2025-06-06 10:39:00
474,96,474,3,Frankfurt,25.8,21,2025-06-06 11:25:00,2025-06-06 11:46:00
475,96,475,4,Hamburg,46.9,14,2025-06-06 12:40:00,2025-06-06 12:54:00
476,96,476,5,Berlin,11.7,22,2025-06-06 13:10:00,2025-06-06 13:32:00
477,96,477,6,Stuttgart,45.0,26,2025-06-06 13:55:00,2025-06-06 14:21:00
478,97,478,1,Frankfurt,11.6,27,2025-06-27 09:10:00,2025-06-27 09:37:00
479,97,479,2,Köln,44.5,35,2025-06-27 10:10:00,2025-06-27 10:45:00
480,97,480,3,Köln,28.3,21,2025-06-27 11:40:00,2025-06-27 12:01:00
481,97,481,4,Frankfurt,19.8,9,2025-06-27 12:45:00,2025-06-27 12:54:00
482,97,482,5,Berlin,8.1,34,2025-06-27 13:25:00,2025-06-27 13:59:00
483,98,483,1,Hamburg,26.7,34,2025-06-06 10:40:00,2025-06-06 11:14:00
484,98,484,2,Frankfurt,38.6,21,2025-06-06 10:40:00,2025-06-06 11:01:00
485,98,485,3,Hamburg,19.8,31,2025-06-06 11:45:00,2025-06-06 12:16:00
486,98,486,4,Frankfurt,18.1,6,2025-06-06 13:10:00,2025-06-06 13:16:00
487,99,487,1,München,28.1,11,2025-06-02 10:10:00,2025-06-02 10:21:00
488,99,488,2,Leipzig,24.5,17,2025-06-02 10:55:00,2025-06-02 11:12:00
489,99,489,3,München,32.6,13,2025-06-02 11:55:00,2025-06-02 12:08:00
490,99,490,4,Leipzig,22.5,9,2025-06-02 12:55:00,2025-06-02 13:04:00
491,99,491,5,Stuttgart,47.0,8,2025-06-02 12:55:00,2025-06-02 13:03:00
492,99,492,6,München,45.1,10,2025-06-02 14:25:00,2025-06-02 14:35:00
493,99,493,7,Leipzig,25.2,7,2025-06-02 15:55:00,2025-06-02 16:02:00
494,100,494,1,Köln,21.9,10,2025-05-01 08:40:00,2025-05-01 08:50:00
495,100,495,2,Stuttgart,23.0,25,2025-05-01 10:25:00,2025-05-01 10:50:00
496,100,496,3,Berlin,30.3,17,2025-05-01 11:55:00,2025-05-01 12:12:00
497,101,497,1,Berlin,16.3,14,2025-06-13 08:55:00,2025-06-13 09:09:00
498,101,498,2,Hamburg,33.3,19,2025-06-13 10:10:00,2025-06-13 10:29:00
499,101,499,3,Stuttgart,23.1,6,2025-06-13 12:25:00,2025-06-13 12:31:00
500,101,500,4,Leipzig,19.5,5,2025-06-13 12:25:00,2025-06-13 12:30:00
501,101,501,5,München,34.4,14,2025-06-13 13:25:00,2025-06-13 13:39:00
502,102,502,1,Leipzig,45.0,27,2025-06-29 10:40:00,2025-06-29 11:07:00
503,102,503,2,Frankfurt,4.8,25,2025-06-29 10:25:00,2025-06-29 10:50:00
504,102,504,3,München,5.1,21,2025-06-29 11:55:00,2025-06-29 12:16:00
505,103,505,1,Köln,9.4,13,2025-05-08 09:55:00,2025-05-08 10:08:00
506,103,506,2,Hamburg,44.0,19,2025-05-08 10:40:00,2025-05-08 10:59:00
507,103,507,3,Hamburg,34.3,32,2025-05-08 12:10:00,2025-05-08 12:42:00
508,104,508,1,Köln,25.8,34,2025-04-04 09:25:00,2025-04-04 09:59:00
509,104,509,2,München,25.8,32,2025-04-04 10:25:00,2025-04-04 10:57:00
510,104,510,3,Hamburg,32.5,25,2025-04-04 12:25:00,2025-04-04 12:50:00
511,104,511,4,Leipzig,12.3,19,2025-04-04 12:40:00,2025-04-04 12:59:00
512,104,512,5,Hamburg,28.0,31,2025-04-04 13:25:00,2025-04-04 13:56:00
513,104,513,6,München,38.9,30,2025-04-04 13:40:00,2025-04-04 14:10:00
514,105,514,1,Leipzig,32.5,28,2025-06-12 09:40:00,2025-06-12 10:08:00
515,105,515,2,Berlin,32.7,16,2025-06-12 10:45:00,2025-06-12 11:01:00
516,105,516,3,Leipzig,18.7,32,2025-06-12 11:40:00,2025-06-12 12:12:00
517,106,517,1,München,20.4,11,2025-04-19 09:25:00,2025-04-19 09:36:00
518,106,518,2,Köln,6.9,34,2025-04-19 10:25:00,2025-04-19 10:59:00
519,106,519,3,Hamburg,10.6,15,2025-04-19 11:25:00,2025-04-19 11:40:00
520,106,520,4,Stuttgart,8.1,25,2025-04-19 12:15:00,2025-04-19 12:40:00
521,106,521,5,Berlin,40.1,15,2025-04-19 13:25:00,2025-04-19 13:40:00
522,107,522,1,Hamburg,36.0,10,2025-06-05 10:10:00,2025-06-05 10:20:00
523,107,523,2,Leipzig,16.5,21,2025-06-05 10:25:00,2025-06-05 10:46:00
524,107,524,3,Leipzig,15.4,11,2025-06-05 11:10:00,2025-06-05 11:21:00
525,107,525,4,Berlin,13.1,13,2025-06-05 12:10:00,2025-06-05 12:23:00
526,107,526,5,Frankfurt,33.3,21,2025-06-05 13:55:00,2025-06-05 14:16:00
527,108,527,1,Hamburg,7.3,27,2025-05-23 09:25:00,2025-05-23 09:52:00
528,108,528,2,Frankfurt,30.5,12,2025-05-23 10:25:00,2025-05-23 10:37:00
529,108,529,3,Berlin,28.6,35,2025-05-23 12:40:00,2025-05-23 13:15:00
530,108,530,4,München,32.6,25,2025-05-23 12:10:00,2025-05-23 12:35:00
531,108,531,5,Berlin,24.3,17,2025-05-23 13:40:00,2025-05-23 13:57:00
532,108,532,6,München,12.1,23,2025-05-23 13:55:00,2025-05-23 14:18:00
533,108,533,7,Hamburg,47.1,12,2025-05-23 14:40:00,2025-05-23 14:52:00
534,109,534,1,Leipzig,44.6,17,2025-04-24 10:10:00,2025-04-24 10:27:00
535,109,535,2,Stuttgart,47.9,10,2025-04-24 10:25:00,2025-04-24 10:35:00
536,109,536,3,Hamburg,18.9,13,2025-04-24 10:40:00,2025-04-24 10:53:00
537,109,537,4,München,26.8,26,2025-04-24 13:25:00,2025-04-24 13:51:00
538,109,538,5,Berlin,17.8,23,2025-04-24 13:15:00,2025-04-24 13:38:00
539,110,539,1,Stuttgart,35.4,6,2025-05-09 09:40:00,2025-05-09 09:46:00
540,110,540,2,Leipzig,31.7,19,2025-05-09 10:40:00,2025-05-09 10:59:00
541,110,541,3,Stuttgart,15.7,30,2025-05-09 12:10:00,2025-05-09 12:40:00
542,110,542,4,Leipzig,23.5,29,2025-05-09 12:25:00,2025-05-09 12:54:00
543,111,543,1,München,43.5,33,2025-06-18 09:10:00,2025-06-18 09:43:00
544,111,544,2,Hamburg,23.9,35,2025-06-18 10:00:00,2025-06-18 10:35:00
545,111,545,3,Frankfurt,26.1,7,2025-06-18 11:55:00,2025-06-18 12:02:00
546,111,546,4,Frankfurt,13.9,8,2025-06-18 12:40:00,2025-06-18 12:48:00
547,111,547,5,Hamburg,5.6,26,2025-06-18 13:25:00,2025-06-18 13:51:00
548,111,548,6,Stuttgart,20.8,17,2025-06-18 14:55:00,2025-06-18 15:12:00
549,112,549,1,Köln,5.6,5,2025-06-02 10:10:00,2025-06-02 10:15:00
550,112,550,2,Berlin,12.0,7,2025-06-02 10:25:00,2025-06-02 10:32:00
551,112,551,3,Hamburg,45.0,17,2025-06-02 11:25:00,2025-06-02 11:42:00
552,112,552,4,Leipzig,40.6,30,2025-06-02 12:40:00,2025-06-02 13:10:00
553,112,553,5,Leipzig,45.7,11,2025-06-02 13:55:00,2025-06-02 14:06:00
554,113,554,1,München,5.6,11,2025-05-03 09:10:00,2025-05-03 09:21:00
555,113,555,2,München,4.9,33,2025-05-03 10:10:00,2025-05-03 10:43:00
556,113,556,3,Frankfurt,25.7,25,2025-05-03 10:55:00,2025-05-03 11:20:00
557,113,557,4,Stuttgart,35.9,23,2025-05-03 12:00:00,2025-05-03 12:23:00
558,114,558,1,Leipzig,23.3,34,2025-04-14 09:10:00,2025-04-14 09:44:00
559,114,559,2,Hamburg,20.8,13,2025-04-14 10:55:00,2025-04-14 11:08:00
560,114,560,3,Leipzig,10.1,17,2025-04-14 11:00:00,2025-04-14 11:17:00
561,114,561,4,Stuttgart,47.7,4,2025-04-14 12:25:00,2025-04-14 12:29:00
562,114,562,5,Hamburg,13.3,26,2025-04-14 13:25:00,2025-04-14 13:51:00
563,114,563,6,Frankfurt,37.8,9,2025-04-14 14:25:00,2025-04-14 14:34:00
564,115,564,1,Leipzig,22.6,30,2025-05-14 09:25:00,2025-05-14 09:55:00
565,115,565,2,München,15.1,12,2025-05-14 10:25:00,2025-05-14 10:37:00
566,115,566,3,Leipzig,6.2,35,2025-05-14 11:25:00,2025-05-14 12:00:00
567,116,567,1,Köln,19.5,35,2025-06-28 09:40:00,2025-06-28 10:15:00
568,116,568,2,Frankfurt,24.5,29,2025-06-28 09:55:00,2025-06-28 10:24:00
569,116,569,3,Stuttgart,25.9,4,2025-06-28 11:55:00,2025-06-28 11:59:00
570,117,570,1,Köln,45.5,14,2025-04-18 09:55:00,2025-04-18 10:09:00
571,117,571,2,Stuttgart,13.5,21,2025-04-18 11:25:00,2025-04-18 11:46:00
572,117,572,3,Berlin,43.2,21,2025-04-18 12:25:00,2025-04-18 12:46:00
573,117,573,4,München,30.1,29,2025-04-18 11:40:00,2025-04-18 12:09:00
574,117,574,5,Köln,45.9,16,2025-04-18 13:55:00,2025-04-18 14:11:00
575,118,575,1,Köln,9.1,33,2025-04-04 08:40:00,2025-04-04 09:13:00
576,118,576,2,Hamburg,37.8,24,2025-04-04 10:15:00,2025-04-04 10:39:00
577,118,577,3,Leipzig,21.8,12,2025-04-04 11:10:00,2025-04-04 11:22:00
578,119,578,1,Berlin,46.8,7,2025-06-30 09:25:00,2025-06-30 09:32:00
579,119,579,2,München,4.9,32,2025-06-30 11:10:00,2025-06-30 11:42:00
580,119,580,3,Köln,17.5,32,2025-06-30 11:55:00,2025-06-30 12:27:00
581,119,581,4,München,14.3,25,2025-06-30 12:25:00,2025-06-30 12:50:00
582,119,582,5,Frankfurt,27.0,27,2025-06-30 13:55:00,2025-06-30 14:22:00
583,119,583,6,Berlin,30.0,12,2025-06-30 14:10:00,2025-06-30 14:22:00
584,120,584,1,Berlin,9.6,7,2025-05-16 10:10:00,2025-05-16 10:17:00
585,120,585,2,Köln,28.9,7,2025-05-16 10:10:00,2025-05-16 10:17:00
586,120,586,3,Leipzig,19.3,14,2025-05-16 11:25:00,2025-05-16 11:39:00
587,120,587,4,Köln,41.8,13,2025-05-16 12:00:00,2025-05-16 12:13:00
588,121,588,1,Hamburg,17.3,11,2025-05-30 09:55:00,2025-05-30 10:06:00
589,121,589,2,Berlin,31.4,8,2025-05-30 11:10:00,2025-05-30 11:18:00
590,121,590,3,Berlin,29.8,13,2025-05-30 10:40:00,2025-05-30 10:53:00
591,121,591,4,München,19.8,11,2025-05-30 12:25:00,2025-05-30 12:36:00
592,122,592,1,Leipzig,20.3,27,2025-04-27 09:55:00,2025-04-27 10:22:00
593,122,593,2,Berlin,19.5,12,2025-04-27 10:40:00,2025-04-27 10:52:00
594,122,594,3,Hamburg,45.6,13,2025-04-27 11:25:00,2025-04-27 11:38:00
595,122,595,4,Berlin,19.5,31,2025-04-27 12:55:00,2025-04-27 13:26:00
596,122,596,5,Köln,16.0,21,2025-04-27 14:10:00,2025-04-27 14:31:00
597,123,597,1,Hamburg,36.0,22,2025-04-09 09:10:00,2025-04-09 09:32:00
598,123,598,2,Frankfurt,39.8,5,2025-04-09 10:15:00,2025-04-09 10:20:00
599,123,599,3,Berlin,21.9,16,2025-04-09 11:55:00,2025-04-09 12:11:00
600,123,600,4,Frankfurt,4.6,17,2025-04-09 13:10:00,2025-04-09 13:27:00
601,123,601,5,Berlin,38.8,32,2025-04-09 13:55:00,2025-04-09 14:27:00
602,124,602,1,Stuttgart,46.7,31,2025-04-30 09:00:00,2025-04-30 09:31:00
603,124,603,2,München,7.3,13,2025-04-30 10:10:00,2025-04-30 10:23:00
604,124,604,3,Köln,24.1,33,2025-04-30 10:55:00,2025-04-30 11:28:00
605,125,605,1,Leipzig,44.5,5,2025-06-23 09:25:00,2025-06-23 09:30:00
606,125,606,2,Berlin,39.5,26,2025-06-23 10:55:00,2025-06-23 11:21:00
607,125,607,3,Hamburg,37.2,20,2025-06-23 11:55:00,2025-06-23 12:15:00
608,126,608,1,Stuttgart,46.7,13,2025-05-20 09:40:00,2025-05-20 09:53:00
609,126,609,2,Stuttgart,39.5,4,2025-05-20 10:30:00,2025-05-20 10:34:00
610,126,610,3,Hamburg,34.8,34,2025-05-20 11:00:00,2025-05-20 11:34:00
611,126,611,4,Berlin,46.3,4,2025-05-20 12:40:00,2025-05-20 12:44:00
612,126,612,5,Stuttgart,44.8,25,2025-05-20 13:25:00,2025-05-20 13:50:00
613,126,613,6,Frankfurt,22.8,15,2025-05-20 14:40:00,2025-05-20 14:55:00
614,126,614,7,Köln,40.4,30,2025-05-20 15:30:00,2025-05-20 16:00:00
615,127,615,1,Frankfurt,30.0,23,2025-05-13 09:25:00,2025-05-13 09:48:00
616,127,616,2,Leipzig,34.5,9,2025-05-13 10:25:00,2025-05-13 10:34:00
617,127,617,3,Berlin,28.4,32,2025-05-13 11:25:00,2025-05-13 11:57:00
618,127,618,4,München,17.3,20,2025-05-13 11:40:00,2025-05-13 12:00:00
619,127,619,5,Hamburg,17.8,7,2025-05-13 13:10:00,2025-05-13 13:17:00
620,127,620,6,Köln,42.5,22,2025-05-13 14:10:00,2025-05-13 14:32:00
621,127,621,7,Frankfurt,15.8,18,2025-05-13 16:10:00,2025-05-13 16:28:00
622,128,622,1,Hamburg,16.1,22,2025-06-07 09:30:00,2025-06-07 09:52:00
623,128,623,2,Hamburg,47.8,30,2025-06-07 10:55:00,2025-06-07 11:25:00
624,128,624,3,Stuttgart,31.3,16,2025-06-07 11:45:00,2025-06-07 12:01:00
625,128,625,4,Köln,43.8,18,2025-06-07 13:40:00,2025-06-07 13:58:00
626,128,626,5,Hamburg,31.0,14,2025-06-07 13:40:00,2025-06-07 13:54:00
627,129,627,1,München,46.3,12,2025-04-24 08:55:00,2025-04-24 09:07:00
628,129,628,2,Hamburg,4.8,25,2025-04-24 10:15:00,2025-04-24 10:40:00
629,129,629,3,München,22.2,23,2025-04-24 11:10:00,2025-04-24 11:33:00
630,129,630,4,München,34.8,19,2025-04-24 12:30:00,2025-04-24 12:49:00
631,129,631,5,Frankfurt,22.0,27,2025-04-24 13:40:00,2025-04-24 14:07:00
632,129,632,6,Stuttgart,13.8,6,2025-04-24 14:30:00,2025-04-24 14:36:00
633,129,633,7,München,4.6,6,2025-04-24 15:10:00,2025-04-24 15:16:00
634,130,634,1,Leipzig,40.8,14,2025-04-22 09:25:00,2025-04-22 09:39:00
635,130,635,2,München,18.4,21,2025-04-22 10:55:00,2025-04-22 11:16:00
636,130,636,3,Berlin,40.6,32,2025-04-22 12:10:00,2025-04-22 12:42:00
637,131,637,1,Berlin,10.4,31,2025-04-17 09:25:00,2025-04-17 09:56:00
638,131,638,2,Hamburg,33.0,33,2025-04-17 10:55:00,2025-04-17 11:28:00
639,131,639,3,München,14.9,24,2025-04-17 11:40:00,2025-04-17 12:04:00
640,131,640,4,Stuttgart,25.0,10,2025-04-17 13:25:00,2025-04-17 13:35:00
641,131,641,5,Berlin,22.7,16,2025-04-17 13:40:00,2025-04-17 13:56:00
642,131,642,6,Stuttgart,4.6,9,2025-04-17 13:40:00,2025-04-17 13:49:00
643,131,643,7,Köln,32.0,11,2025-04-17 16:40:00,2025-04-17 16:51:00
644,132,644,1,Frankfurt,44.8,35,2025-05-26 08:40:00,2025-05-26 09:15:00
645,132,645,2,München,18.7,10,2025-05-26 09:55:00,2025-05-26 10:05:00
646,132,646,3,Hamburg,36.6,34,2025-05-26 11:10:00,2025-05-26 11:44:00
647,132,647,4,Stuttgart,32.2,11,2025-05-26 12:25:00,2025-05-26 12:36:00
648,132,648,5,München,40.7,31,2025-05-26 13:55:00,2025-05-26 14:26:00
649,132,649,6,Stuttgart,26.4,34,2025-05-26 14:55:00,2025-05-26 15:29:00
650,133,650,1,Leipzig,25.7,20,2025-05-31 09:25:00,2025-05-31 09:45:00
651,133,651,2,Hamburg,41.5,25,2025-05-31 10:40:00,2025-05-31 11:05:00
652,133,652,3,Hamburg,38.3,26,2025-05-31 11:10:00,2025-05-31 11:36:00
653,133,653,4,Leipzig,29.4,20,2025-05-31 12:10:00,2025-05-31 12:30:00
654,134,654,1,Leipzig,14.4,28,2025-06-13 10:25:00,2025-06-13 10:53:00
655,134,655,2,Hamburg,45.3,9,2025-06-13 11:10:00,2025-06-13 11:19:00
656,134,656,3,Leipzig,26.7,21,2025-06-13 11:25:00,2025-06-13 11:46:00
657,135,657,1,Berlin,13.4,21,2025-05-30 09:40:00,2025-05-30 10:01:00
658,135,658,2,Hamburg,24.7,14,2025-05-30 10:10:00,2025-05-30 10:24:00
659,135,659,3,Stuttgart,35.4,4,2025-05-30 10:55:00,2025-05-30 10:59:00
660,135,660,4,Leipzig,27.7,24,2025-05-30 12:55:00,2025-05-30 13:19:00
661,135,661,5,Köln,31.6,27,2025-05-30 13:30:00,2025-05-30 13:57:00
662,136,662,1,Hamburg,34.4,19,2025-04-24 09:00:00,2025-04-24 09:19:00
663,136,663,2,Frankfurt,19.6,20,2025-04-24 09:55:00,2025-04-24 10:15:00
664,136,664,3,Köln,32.7,26,2025-04-24 12:10:00,2025-04-24 12:36:00
665,136,665,4,München,17.4,27,2025-04-24 12:00:00,2025-04-24 12:27:00
666,137,666,1,München,22.9,11,2025-04-12 09:25:00,2025-04-12 09:36:00
667,137,667,2,Leipzig,7.8,34,2025-04-12 10:10:00,2025-04-12 10:44:00
668,137,668,3,Leipzig,15.2,11,2025-04-12 11:00:00,2025-04-12 11:11:00
669,138,669,1,Hamburg,41.6,24,2025-05-19 09:25:00,2025-05-19 09:49:00
670,138,670,2,Stuttgart,22.0,32,2025-05-19 10:55:00,2025-05-19 11:27:00
671,138,671,3,Köln,41.9,16,2025-05-19 12:10:00,2025-05-19 12:26:00
672,138,672,4,Hamburg,11.7,6,2025-05-19 12:15:00,2025-05-19 12:21:00
673,138,673,5,Frankfurt,42.3,35,2025-05-19 12:40:00,2025-05-19 13:15:00
674,138,674,6,Leipzig,39.7,12,2025-05-19 14:15:00,2025-05-19 14:27:00
675,139,675,1,Hamburg,35.0,34,2025-06-04 09:15:00,2025-06-04 09:49:00
676,139,676,2,Leipzig,32.7,7,2025-06-04 11:25:00,2025-06-04 11:32:00
677,139,677,3,Frankfurt,43.6,28,2025-06-04 11:10:00,2025-06-04 11:38:00
678,139,678,4,Frankfurt,30.3,8,2025-06-04 11:55:00,2025-06-04 12:03:00
679,139,679,5,Berlin,5.2,5,2025-06-04 13:00:00,2025-06-04 13:05:00
680,139,680,6,Frankfurt,19.5,12,2025-06-04 13:55:00,2025-06-04 14:07:00
681,139,681,7,Berlin,22.4,19,2025-06-04 16:40:00,2025-06-04 16:59:00
682,140,682,1,Stuttgart,30.9,16,2025-06-19 09:55:00,2025-06-19 10:11:00
683,140,683,2,Köln,19.1,29,2025-06-19 11:25:00,2025-06-19 11:54:00
684,140,684,3,Frankfurt,15.1,12,2025-06-19 11:40:00,2025-06-19 11:52:00
685,141,685,1,München,10.0,26,2025-04-11 09:10:00,2025-04-11 09:36:00
686,141,686,2,Leipzig,4.9,15,2025-04-11 10:25:00,2025-04-11 10:40:00
687,141,687,3,München,48.0,25,2025-04-11 11:00:00,2025-04-11 11:25:00
688,141,688,4,Köln,42.6,24,2025-04-11 12:30:00,2025-04-11 12:54:00
689,141,689,5,Stuttgart,37.4,17,2025-04-11 13:55:00,2025-04-11 14:12:00
690,141,690,6,Frankfurt,7.8,7,2025-04-11 14:10:00,2025-04-11 14:17:00
691,142,691,1,Köln,39.6,29,2025-04-23 09:55:00,2025-04-23 10:24:00
692,142,692,2,Köln,14.2,12,2025-04-23 10:25:00,2025-04-23 10:37:00
693,142,693,3,Hamburg,19.2,6,2025-04-23 11:10:00,2025-04-23 11:16:00
694,142,694,4,München,27.5,21,2025-04-23 13:40:00,2025-04-23 14:01:00
695,142,695,5,Hamburg,14.8,33,2025-04-23 14:25:00,2025-04-23 14:58:00
696,143,696,1,Berlin,47.0,26,2025-04-07 10:25:00,2025-04-07 10:51:00
697,143,697,2,Leipzig,37.2,28,2025-04-07 10:40:00,2025-04-07 11:08:00
698,143,698,3,Köln,36.1,9,2025-04-07 10:40:00,2025-04-07 10:49:00
699,144,699,1,Berlin,32.2,25,2025-04-18 09:55:00,2025-04-18 10:20:00
700,144,700,2,Berlin,36.1,33,2025-04-18 10:40:00,2025-04-18 11:13:00
701,144,701,3,München,30.1,13,2025-04-18 11:55:00,2025-04-18 12:08:00
702,144,702,4,München,16.9,22,2025-04-18 12:10:00,2025-04-18 12:32:00
703,144,703,5,Leipzig,15.6,7,2025-04-18 14:10:00,2025-04-18 14:17:00
704,144,704,6,Berlin,38.2,31,2025-04-18 15:10:00,2025-04-18 15:41:00
705,144,705,7,Frankfurt,34.2,5,2025-04-18 15:00:00,2025-04-18 15:05:00
706,145,706,1,München,19.2,4,2025-04-26 09:45:00,2025-04-26 09:49:00
707,145,707,2,Leipzig,8.8,11,2025-04-26 10:40:00,2025-04-26 10:51:00
708,145,708,3,Hamburg,46.8,28,2025-04-26 11:10:00,2025-04-26 11:38:00
709,145,709,4,Köln,40.2,15,2025-04-26 13:25:00,2025-04-26 13:40:00
710,145,710,5,Köln,14.9,10,2025-04-26 13:25:00,2025-04-26 13:35:00
711,145,711,6,Berlin,5.3,34,2025-04-26 14:10:00,2025-04-26 14:44:00
712,146,712,1,München,36.2,30,2025-06-17 09:25:00,2025-06-17 09:55:00
713,146,713,2,Hamburg,22.6,10,2025-06-17 10:45:00,2025-06-17 10:55:00
714,146,714,3,Köln,25.5,34,2025-06-17 11:10:00,2025-06-17 11:44:00
715,146,715,4,München,26.8,16,2025-06-17 12:10:00,2025-06-17 12:26:00
716,146,716,5,Frankfurt,20.4,23,2025-06-17 13:10:00,2025-06-17 13:33:00
717,147,717,1,Berlin,6.7,9,2025-04-28 09:10:00,2025-04-28 09:19:00
718,147,718,2,Berlin,28.0,16,2025-04-28 10:15:00,2025-04-28 10:31:00
719,147,719,3,Frankfurt,22.4,12,2025-04-28 11:55:00,2025-04-28 12:07:00
720,147,720,4,Berlin,28.5,27,2025-04-28 12:40:00,2025-04-28 13:07:00
721,148,721,1,Frankfurt,43.8,11,2025-05-27 09:25:00,2025-05-27 09:36:00
722,148,722,2,Stuttgart,31.0,29,2025-05-27 10:25:00,2025-05-27 10:54:00
723,148,723,3,Leipzig,16.7,32,2025-05-27 11:40:00,2025-05-27 12:12:00
724,148,724,4,Frankfurt,22.9,31,2025-05-27 12:00:00,2025-05-27 12:31:00
725,149,725,1,Hamburg,28.7,15,2025-04-06 09:10:00,2025-04-06 09:25:00
726,149,726,2,Berlin,45.1,16,2025-04-06 10:25:00,2025-04-06 10:41:00
727,149,727,3,Frankfurt,31.2,35,2025-04-06 11:55:00,2025-04-06 12:30:00
728,149,728,4,Leipzig,37.0,35,2025-04-06 12:25:00,2025-04-06 13:00:00
729,149,729,5,Berlin,37.5,19,2025-04-06 13:15:00,2025-04-06 13:34:00
730,149,730,6,Berlin,6.8,12,2025-04-06 14:10:00,2025-04-06 14:22:00
731,149,731,7,Hamburg,40.7,16,2025-04-06 15:40:00,2025-04-06 15:56:00
732,150,732,1,Berlin,40.5,26,2025-04-26 09:40:00,2025-04-26 10:06:00
733,150,733,2,Stuttgart,28.7,33,2025-04-26 10:15:00,2025-04-26 10:48:00
734,150,734,3,Berlin,15.3,23,2025-04-26 12:10:00,2025-04-26 12:33:00
735,151,735,1,Stuttgart,38.8,15,2025-04-21 09:40:00,2025-04-21 09:55:00
736,151,736,2,Stuttgart,26.8,17,2025-04-21 10:15:00,2025-04-21 10:32:00
737,151,737,3,Berlin,41.4,24,2025-04-21 11:55:00,2025-04-21 12:19:00
738,151,738,4,Köln,38.3,29,2025-04-21 12:10:00,2025-04-21 12:39:00
739,151,739,5,Köln,20.4,20,2025-04-21 13:40:00,2025-04-21 14:00:00
740,151,740,6,München,42.8,25,2025-04-21 14:40:00,2025-04-21 15:05:00
741,152,741,1,München,25.5,22,2025-06-21 10:40:00,2025-06-21 11:02:00
742,152,742,2,Frankfurt,38.3,32,2025-06-21 10:40:00,2025-06-21 11:12:00
743,152,743,3,Leipzig,21.2,17,2025-06-21 10:40:00,2025-06-21 10:57:00
744,152,744,4,Leipzig,14.8,34,2025-06-21 11:55:00,2025-06-21 12:29:00
745,152,745,5,Berlin,29.7,20,2025-06-21 13:25:00,2025-06-21 13:45:00
746,152,746,6,München,7.2,32,2025-06-21 14:40:00,2025-06-21 15:12:00
747,153,747,1,München,7.9,5,2025-06-19 09:30:00,2025-06-19 09:35:00
748,153,748,2,Berlin,23.0,28,2025-06-19 10:25:00,2025-06-19 10:53:00
749,153,749,3,Köln,26.8,25,2025-06-19 11:40:00,2025-06-19 12:05:00
750,153,750,4,München,38.7,4,2025-06-19 12:45:00,2025-06-19 12:49:00
751,153,751,5,Köln,40.8,29,2025-06-19 13:30:00,2025-06-19 13:59:00
752,153,752,6,Frankfurt,37.5,27,2025-06-19 14:10:00,2025-06-19 14:37:00
753,154,753,1,Stuttgart,36.4,11,2025-05-11 09:40:00,2025-05-11 09:51:00
754,154,754,2,München,20.4,24,2025-05-11 09:40:00,2025-05-11 10:04:00
755,154,755,3,Berlin,33.1,13,2025-05-11 11:30:00,2025-05-11 11:43:00
756,155,756,1,München,11.7,20,2025-04-10 09:25:00,2025-04-10 09:45:00
757,155,757,2,München,32.9,20,2025-04-10 11:10:00,2025-04-10 11:30:00
758,155,758,3,Leipzig,24.7,30,2025-04-10 11:00:00,2025-04-10 11:30:00
759,155,759,4,Köln,18.5,10,2025-04-10 12:55:00,2025-04-10 13:05:00
760,155,760,5,Hamburg,13.0,28,2025-04-10 13:25:00,2025-04-10 13:53:00
761,156,761,1,Stuttgart,45.2,29,2025-05-29 09:25:00,2025-05-29 09:54:00
762,156,762,2,Hamburg,5.8,35,2025-05-29 10:10:00,2025-05-29 10:45:00
763,156,763,3,München,18.9,10,2025-05-29 11:10:00,2025-05-29 11:20:00
764,156,764,4,Frankfurt,12.8,16,2025-05-29 12:40:00,2025-05-29 12:56:00
765,156,765,5,Stuttgart,27.4,7,2025-05-29 13:55:00,2025-05-29 14:02:00
766,156,766,6,Stuttgart,41.2,32,2025-05-29 15:10:00,2025-05-29 15:42:00
767,157,767,1,Köln,5.5,6,2025-05-28 09:25:00,2025-05-28 09:31:00
768,157,768,2,Leipzig,13.1,30,2025-05-28 11:40:00,2025-05-28 12:10:00
769,157,769,3,München,14.4,7,2025-05-28 11:25:00,2025-05-28 11:32:00
770,157,770,4,Stuttgart,5.5,34,2025-05-28 12:30:00,2025-05-28 13:04:00
771,157,771,5,Stuttgart,6.2,35,2025-05-28 13:25:00,2025-05-28 14:00:00
772,157,772,6,Hamburg,34.3,26,2025-05-28 14:25:00,2025-05-28 14:51:00
773,157,773,7,Stuttgart,31.2,9,2025-05-28 15:30:00,2025-05-28 15:39:00
774,158,774,1,Frankfurt,46.0,8,2025-05-26 09:10:00,2025-05-26 09:18:00
775,158,775,2,Berlin,12.6,10,2025-05-26 10:40:00,2025-05-26 10:50:00
776,158,776,3,München,41.1,32,2025-05-26 10:40:00,2025-05-26 11:12:00
777,158,777,4,München,8.2,23,2025-05-26 12:45:00,2025-05-26 13:08:00
778,158,778,5,München,16.4,11,2025-05-26 13:25:00,2025-05-26 13:36:00
779,159,779,1,Stuttgart,42.2,10,2025-04-01 10:10:00,2025-04-01 10:20:00
780,159,780,2,Stuttgart,22.1,26,2025-04-01 10:25:00,2025-04-01 10:51:00
781,159,781,3,Frankfurt,45.5,35,2025-04-01 11:25:00,2025-04-01 12:00:00
782,160,782,1,Hamburg,11.6,17,2025-06-26 09:10:00,2025-06-26 09:27:00
783,160,783,2,Hamburg,11.2,27,2025-06-26 10:15:00,2025-06-26 10:42:00
784,160,784,3,Frankfurt,38.7,23,2025-06-26 11:10:00,2025-06-26 11:33:00
785,160,785,4,Köln,27.6,7,2025-06-26 12:45:00,2025-06-26 12:52:00
786,160,786,5,Hamburg,12.1,6,2025-06-26 13:25:00,2025-06-26 13:31:00
787,161,787,1,Hamburg,41.2,22,2025-05-21 09:10:00,2025-05-21 09:32:00
788,161,788,2,Berlin,6.7,12,2025-05-21 10:30:00,2025-05-21 10:42:00
789,161,789,3,Köln,17.4,7,2025-05-21 10:40:00,2025-05-21 10:47:00
790,161,790,4,Stuttgart,22.2,5,2025-05-21 12:10:00,2025-05-21 12:15:00
791,161,791,5,München,16.0,28,2025-05-21 13:25:00,2025-05-21 13:53:00
792,162,792,1,Hamburg,44.2,16,2025-04-12 08:40:00,2025-04-12 08:56:00
793,162,793,2,Hamburg,15.4,22,2025-04-12 10:55:00,2025-04-12 11:17:00
794,162,794,3,Stuttgart,4.9,8,2025-04-12 11:25:00,2025-04-12 11:33:00
795,162,795,4,Stuttgart,30.8,4,2025-04-12 12:15:00,2025-04-12 12:19:00
796,162,796,5,Hamburg,27.1,12,2025-04-12 12:55:00,2025-04-12 13:07:00
797,162,797,6,Hamburg,6.5,19,2025-04-12 15:10:00,2025-04-12 15:29:00
798,163,798,1,Leipzig,18.5,33,2025-05-22 09:10:00,2025-05-22 09:43:00
799,163,799,2,Köln,28.1,15,2025-05-22 10:55:00,2025-05-22 11:10:00
800,163,800,3,Stuttgart,42.2,12,2025-05-22 12:40:00,2025-05-22 12:52:00
801,163,801,4,Berlin,17.2,8,2025-05-22 13:25:00,2025-05-22 13:33:00
802,163,802,5,Stuttgart,21.8,23,2025-05-22 13:30:00,2025-05-22 13:53:00
803,163,803,6,Köln,14.3,29,2025-05-22 14:00:00,2025-05-22 14:29:00
804,163,804,7,Frankfurt,31.1,20,2025-05-22 15:10:00,2025-05-22 15:30:00
805,164,805,1,München,30.6,11,2025-06-14 09:55:00,2025-06-14 10:06:00
806,164,806,2,München,43.2,21,2025-06-14 10:25:00,2025-06-14 10:46:00
807,164,807,3,Köln,24.0,23,2025-06-14 11:55:00,2025-06-14 12:18:00
808,164,808,4,Frankfurt,38.0,32,2025-06-14 12:15:00,2025-06-14 12:47:00
809,165,809,1,Frankfurt,34.9,32,2025-06-21 09:25:00,2025-06-21 09:57:00
810,165,810,2,München,24.9,11,2025-06-21 10:40:00,2025-06-21 10:51:00
811,165,811,3,Berlin,31.7,24,2025-06-21 11:25:00,2025-06-21 11:49:00
812,165,812,4,Leipzig,40.6,4,2025-06-21 12:45:00,2025-06-21 12:49:00
813,166,813,1,Leipzig,29.2,23,2025-04-24 09:30:00,2025-04-24 09:53:00
814,166,814,2,Frankfurt,47.2,18,2025-04-24 11:40:00,2025-04-24 11:58:00
815,166,815,3,Hamburg,20.6,12,2025-04-24 12:10:00,2025-04-24 12:22:00
816,166,816,4,Stuttgart,25.2,17,2025-04-24 12:40:00,2025-04-24 12:57:00
817,166,817,5,Köln,9.7,31,2025-04-24 13:40:00,2025-04-24 14:11:00
818,166,818,6,Stuttgart,31.6,23,2025-04-24 13:40:00,2025-04-24 14:03:00
819,166,819,7,Frankfurt,4.2,27,2025-04-24 14:55:00,2025-04-24 15:22:00
820,167,820,1,Leipzig,10.2,27,2025-06-17 09:25:00,2025-06-17 09:52:00
821,167,821,2,Hamburg,36.6,24,2025-06-17 10:55:00,2025-06-17 11:19:00
822,167,822,3,Stuttgart,14.5,28,2025-06-17 11:30:00,2025-06-17 11:58:00
823,168,823,1,München,5.8,17,2025-04-25 10:10:00,2025-04-25 10:27:00
824,168,824,2,Köln,4.6,14,2025-04-25 10:10:00,2025-04-25 10:24:00
825,168,825,3,München,24.7,24,2025-04-25 12:10:00,2025-04-25 12:34:00
826,169,826,1,Frankfurt,35.2,24,2025-05-13 10:40:00,2025-05-13 11:04:00
827,169,827,2,Hamburg,18.6,31,2025-05-13 10:00:00,2025-05-13 10:31:00
828,169,828,3,Frankfurt,24.5,25,2025-05-13 11:55:00,2025-05-13 12:20:00
829,169,829,4,München,31.4,20,2025-05-13 11:55:00,2025-05-13 12:15:00
830,169,830,5,Stuttgart,42.1,30,2025-05-13 13:45:00,2025-05-13 14:15:00
831,169,831,6,Stuttgart,5.1,26,2025-05-13 14:15:00,2025-05-13 14:41:00
832,170,832,1,Stuttgart,16.4,6,2025-05-07 10:10:00,2025-05-07 10:16:00
833,170,833,2,Frankfurt,38.1,28,2025-05-07 10:40:00,2025-05-07 11:08:00
834,170,834,3,München,32.6,9,2025-05-07 11:25:00,2025-05-07 11:34:00
835,170,835,4,Köln,16.1,33,2025-05-07 12:00:00,2025-05-07 12:33:00
836,170,836,5,München,7.4,7,2025-05-07 13:45:00,2025-05-07 13:52:00
837,171,837,1,Hamburg,14.1,6,2025-04-01 10:10:00,2025-04-01 10:16:00
838,171,838,2,Leipzig,45.8,4,2025-04-01 10:55:00,2025-04-01 10:59:00
839,171,839,3,Köln,11.3,22,2025-04-01 11:10:00,2025-04-01 11:32:00
840,171,840,4,München,44.8,19,2025-04-01 12:15:00,2025-04-01 12:34:00
841,171,841,5,Hamburg,33.5,21,2025-04-01 13:25:00,2025-04-01 13:46:00
842,172,842,1,Frankfurt,43.4,23,2025-06-02 09:10:00,2025-06-02 09:33:00
843,172,843,2,Frankfurt,8.9,28,2025-06-02 10:15:00,2025-06-02 10:43:00
844,172,844,3,München,44.2,33,2025-06-02 11:40:00,2025-06-02 12:13:00
845,173,845,1,Frankfurt,7.7,31,2025-04-24 09:00:00,2025-04-24 09:31:00
846,173,846,2,Berlin,44.5,8,2025-04-24 10:15:00,2025-04-24 10:23:00
847,173,847,3,München,47.2,22,2025-04-24 11:00:00,2025-04-24 11:22:00
848,173,848,4,Leipzig,5.5,21,2025-04-24 12:40:00,2025-04-24 13:01:00
849,173,849,5,Frankfurt,27.9,24,2025-04-24 13:10:00,2025-04-24 13:34:00
850,174,850,1,Frankfurt,25.1,9,2025-06-08 10:40:00,2025-06-08 10:49:00
851,174,851,2,Frankfurt,46.1,16,2025-06-08 10:55:00,2025-06-08 11:11:00
852,174,852,3,Stuttgart,19.3,28,2025-06-08 11:15:00,2025-06-08 11:43:00
853,174,853,4,München,31.8,22,2025-06-08 13:25:00,2025-06-08 13:47:00
854,174,854,5,Frankfurt,25.7,14,2025-06-08 13:10:00,2025-06-08 13:24:00
855,174,855,6,Leipzig,32.8,7,2025-06-08 13:55:00,2025-06-08 14:02:00
856,175,856,1,Berlin,25.4,25,2025-05-01 09:40:00,2025-05-01 10:05:00
857,175,857,2,Berlin,18.6,7,2025-05-01 10:40:00,2025-05-01 10:47:00
858,175,858,3,Berlin,10.4,6,2025-05-01 11:40:00,2025-05-01 11:46:00
859,175,859,4,Leipzig,8.0,16,2025-05-01 12:40:00,2025-05-01 12:56:00
860,175,860,5,Stuttgart,9.6,18,2025-05-01 13:15:00,2025-05-01 13:33:00
861,176,861,1,Leipzig,14.2,7,2025-05-19 09:40:00,2025-05-19 09:47:00
862,176,862,2,München,41.1,4,2025-05-19 10:10:00,2025-05-19 10:14:00
863,176,863,3,Leipzig,41.8,5,2025-05-19 11:25:00,2025-05-19 11:30:00
864,176,864,4,Hamburg,40.1,29,2025-05-19 11:55:00,2025-05-19 12:24:00
865,176,865,5,Hamburg,43.4,16,2025-05-19 12:55:00,2025-05-19 13:11:00
866,177,866,1,Köln,39.6,30,2025-04-18 10:10:00,2025-04-18 10:40:00
867,177,867,2,Berlin,19.8,35,2025-04-18 10:55:00,2025-04-18 11:30:00
868,177,868,3,Hamburg,16.7,29,2025-04-18 11:25:00,2025-04-18 11:54:00
869,177,869,4,Hamburg,25.4,26,2025-04-18 12:40:00,2025-04-18 13:06:00
870,178,870,1,Berlin,15.7,8,2025-06-01 10:10:00,2025-06-01 10:18:00
871,178,871,2,Hamburg,30.0,28,2025-06-01 10:15:00,2025-06-01 10:43:00
872,178,872,3,Stuttgart,18.5,23,2025-06-01 11:55:00,2025-06-01 12:18:00
873,179,873,1,Leipzig,40.5,33,2025-06-08 09:25:00,2025-06-08 09:58:00
874,179,874,2,Stuttgart,10.6,12,2025-06-08 09:55:00,2025-06-08 10:07:00
875,179,875,3,Berlin,19.0,13,2025-06-08 11:45:00,2025-06-08 11:58:00
876,179,876,4,Köln,40.5,30,2025-06-08 12:00:00,2025-06-08 12:30:00
877,179,877,5,Berlin,30.2,29,2025-06-08 13:55:00,2025-06-08 14:24:00
878,179,878,6,Stuttgart,12.9,11,2025-06-08 15:25:00,2025-06-08 15:36:00
879,179,879,7,Stuttgart,39.3,31,2025-06-08 14:55:00,2025-06-08 15:26:00
880,180,880,1,Hamburg,21.8,9,2025-06-06 09:55:00,2025-06-06 10:04:00
881,180,881,2,Stuttgart,15.3,12,2025-06-06 11:10:00,2025-06-06 11:22:00
882,180,882,3,München,33.2,25,2025-06-06 10:55:00,2025-06-06 11:20:00
883,180,883,4,München,16.6,8,2025-06-06 12:25:00,2025-06-06 12:33:00
884,180,884,5,Frankfurt,10.5,31,2025-06-06 13:40:00,2025-06-06 14:11:00
885,181,885,1,Hamburg,17.2,34,2025-04-22 10:25:00,2025-04-22 10:59:00
886,181,886,2,Berlin,44.1,30,2025-04-22 10:25:00,2025-04-22 10:55:00
887,181,887,3,Frankfurt,16.9,23,2025-04-22 11:10:00,2025-04-22 11:33:00
888,181,888,4,Stuttgart,22.5,13,2025-04-22 12:55:00,2025-04-22 13:08:00
889,182,889,1,Berlin,43.0,10,2025-05-22 09:10:00,2025-05-22 09:20:00
890,182,890,2,Frankfurt,10.0,13,2025-05-22 10:00:00,2025-05-22 10:13:00
891,182,891,3,Frankfurt,38.4,21,2025-05-22 12:25:00,2025-05-22 12:46:00
892,182,892,4,Frankfurt,47.0,27,2025-05-22 12:40:00,2025-05-22 13:07:00
893,183,893,1,Hamburg,46.2,8,2025-06-26 09:45:00,2025-06-26 09:53:00
894,183,894,2,Frankfurt,36.4,29,2025-06-26 10:40:00,2025-06-26 11:09:00
895,183,895,3,München,9.7,27,2025-06-26 11:40:00,2025-06-26 12:07:00
896,184,896,1,Frankfurt,41.7,24,2025-06-22 09:10:00,2025-06-22 09:34:00
897,184,897,2,München,24.4,5,2025-06-22 09:55:00,2025-06-22 10:00:00
898,184,898,3,Berlin,10.8,26,2025-06-22 10:40:00,2025-06-22 11:06:00
899,184,899,4,Köln,13.6,25,2025-06-22 13:10:00,2025-06-22 13:35:00
900,185,900,1,Leipzig,6.7,5,2025-05-19 09:40:00,2025-05-19 09:45:00
901,185,901,2,Stuttgart,7.3,6,2025-05-19 10:15:00,2025-05-19 10:21:00
902,185,902,3,Stuttgart,6.0,26,2025-05-19 11:40:00,2025-05-19 12:06:00
903,185,903,4,Hamburg,29.3,33,2025-05-19 12:10:00,2025-05-19 12:43:00
904,185,904,5,München,4.4,4,2025-05-19 13:45:00,2025-05-19 13:49:00
905,185,905,6,München,30.6,22,2025-05-19 14:25:00,2025-05-19 14:47:00
906,185,906,7,Stuttgart,45.0,18,2025-05-19 14:40:00,2025-05-19 14:58:00
907,186,907,1,Frankfurt,9.1,27,2025-06-23 09:10:00,2025-06-23 09:37:00
908,186,908,2,Köln,30.2,29,2025-06-23 09:55:00,2025-06-23 10:24:00
909,186,909,3,München,28.0,21,2025-06-23 12:25:00,2025-06-23 12:46:00
910,186,910,4,Frankfurt,28.1,19,2025-06-23 12:25:00,2025-06-23 12:44:00
911,186,911,5,München,36.8,28,2025-06-23 13:15:00,2025-06-23 13:43:00
912,186,912,6,Berlin,43.6,17,2025-06-23 14:10:00,2025-06-23 14:27:00
913,187,913,1,Berlin,38.7,35,2025-06-10 09:55:00,2025-06-10 10:30:00
914,187,914,2,Köln,40.0,29,2025-06-10 11:10:00,2025-06-10 11:39:00
915,187,915,3,Stuttgart,13.4,14,2025-06-10 11:40:00,2025-06-10 11:54:00
916,187,916,4,Hamburg,27.9,13,2025-06-10 11:40:00,2025-06-10 11:53:00
917,188,917,1,Stuttgart,27.2,19,2025-05-16 10:40:00,2025-05-16 10:59:00
918,188,918,2,Frankfurt,33.4,24,2025-05-16 10:10:00,2025-05-16 10:34:00
919,188,919,3,Köln,30.9,23,2025-05-16 11:40:00,2025-05-16 12:03:00
920,188,920,4,Berlin,33.8,16,2025-05-16 12:25:00,2025-05-16 12:41:00
921,188,921,5,München,17.7,24,2025-05-16 14:25:00,2025-05-16 14:49:00
922,188,922,6,Stuttgart,45.5,16,2025-05-16 14:00:00,2025-05-16 14:16:00
923,188,923,7,Leipzig,28.8,19,2025-05-16 15:25:00,2025-05-16 15:44:00
924,189,924,1,Frankfurt,38.1,4,2025-04-03 09:25:00,2025-04-03 09:29:00
925,189,925,2,Stuttgart,30.1,35,2025-04-03 11:25:00,2025-04-03 12:00:00
926,189,926,3,Frankfurt,23.3,13,2025-04-03 12:10:00,2025-04-03 12:23:00
927,189,927,4,Hamburg,47.8,25,2025-04-03 12:40:00,2025-04-03 13:05:00
928,189,928,5,München,27.3,25,2025-04-03 13:00:00,2025-04-03 13:25:00
929,189,929,6,München,9.6,4,2025-04-03 14:40:00,2025-04-03 14:44:00
930,189,930,7,Hamburg,4.8,23,2025-04-03 15:55:00,2025-04-03 16:18:00
931,190,931,1,Frankfurt,22.0,31,2025-04-21 10:25:00,2025-04-21 10:56:00
932,190,932,2,München,17.1,23,2025-04-21 10:00:00,2025-04-21 10:23:00
933,190,933,3,Köln,17.8,16,2025-04-21 12:10:00,2025-04-21 12:26:00
934,190,934,4,Frankfurt,32.2,35,2025-04-21 11:40:00,2025-04-21 12:15:00
935,190,935,5,Köln,43.6,31,2025-04-21 13:10:00,2025-04-21 13:41:00
936,190,936,6,Leipzig,19.2,16,2025-04-21 13:40:00,2025-04-21 13:56:00
937,190,937,7,Hamburg,36.6,17,2025-04-21 16:10:00,2025-04-21 16:27:00
938,191,938,1,München,12.1,34,2025-04-02 09:40:00,2025-04-02 10:14:00
939,191,939,2,München,40.9,17,2025-04-02 10:15:00,2025-04-02 10:32:00
940,191,940,3,Hamburg,46.9,7,2025-04-02 11:45:00,2025-04-02 11:52:00
941,191,941,4,Stuttgart,25.0,32,2025-04-02 12:55:00,2025-04-02 13:27:00
942,191,942,5,Stuttgart,28.0,33,2025-04-02 13:55:00,2025-04-02 14:28:00
943,191,943,6,Stuttgart,32.9,20,2025-04-02 14:40:00,2025-04-02 15:00:00
944,191,944,7,Leipzig,13.4,16,2025-04-02 14:55:00,2025-04-02 15:11:00
945,192,945,1,Stuttgart,46.2,16,2025-04-14 09:40:00,2025-04-14 09:56:00
946,192,946,2,Köln,28.7,24,2025-04-14 09:55:00,2025-04-14 10:19:00
947,192,947,3,Frankfurt,33.0,14,2025-04-14 11:55:00,2025-04-14 12:09:00
948,192,948,4,Frankfurt,34.5,18,2025-04-14 13:25:00,2025-04-14 13:43:00
949,193,949,1,Köln,41.1,30,2025-05-14 10:10:00,2025-05-14 10:40:00
950,193,950,2,Leipzig,30.3,15,2025-05-14 10:00:00,2025-05-14 10:15:00
951,193,951,3,Leipzig,42.2,14,2025-05-14 11:55:00,2025-05-14 12:09:00
952,194,952,1,Stuttgart,25.1,4,2025-05-20 09:10:00,2025-05-20 09:14:00
953,194,953,2,Leipzig,13.8,21,2025-05-20 10:10:00,2025-05-20 10:31:00
954,194,954,3,Frankfurt,46.7,27,2025-05-20 11:10:00,2025-05-20 11:37:00
955,194,955,4,München,32.3,33,2025-05-20 12:10:00,2025-05-20 12:43:00
956,194,956,5,Hamburg,25.6,23,2025-05-20 12:55:00,2025-05-20 13:18:00
957,194,957,6,München,23.4,23,2025-05-20 13:55:00,2025-05-20 14:18:00
958,194,958,7,Köln,10.4,25,2025-05-20 14:40:00,2025-05-20 15:05:00
